time_seconds,volts
0.000000000e+00,3.948717949e-01
5.000000000e-05,3.126739927e-01
1.000000000e-04,2.659340659e-01
1.500000000e-04,2.852747253e-01
2.000000000e-04,3.191208791e-01
2.500000000e-04,3.553846154e-01
3.000000000e-04,3.795604396e-01
3.500000000e-04,3.553846154e-01
4.000000000e-04,3.021978022e-01
4.500000000e-04,2.320879121e-01
5.000000000e-04,1.652014652e-01
5.500000000e-04,1.297435897e-01
6.000000000e-04,1.232967033e-01
6.500000000e-04,1.764835165e-01
7.000000000e-04,2.256410256e-01
7.500000000e-04,2.844688645e-01
8.000000000e-04,3.062271062e-01
8.500000000e-04,2.909157509e-01
9.000000000e-04,2.490109890e-01
9.500000000e-04,1.829304029e-01
1.000000000e-03,1.241025641e-01
1.050000000e-03,9.831501832e-02
1.100000000e-03,1.063736264e-01
1.150000000e-03,1.547252747e-01
1.200000000e-03,2.087179487e-01
1.250000000e-03,2.554578755e-01
1.300000000e-03,2.820512821e-01
1.350000000e-03,2.675457875e-01
1.400000000e-03,2.208058608e-01
1.450000000e-03,1.579487179e-01
1.500000000e-03,1.071794872e-01
1.550000000e-03,9.025641026e-02
1.600000000e-03,1.055677656e-01
1.650000000e-03,1.595604396e-01
1.700000000e-03,2.014652015e-01
1.750000000e-03,2.610989011e-01
1.800000000e-03,2.659340659e-01
1.850000000e-03,2.602930403e-01
1.900000000e-03,2.038827839e-01
1.950000000e-03,1.353846154e-01
2.000000000e-03,9.186813187e-02
2.050000000e-03,7.413919414e-02
2.100000000e-03,9.670329670e-02
2.150000000e-03,1.498901099e-01
2.200000000e-03,2.175824176e-01
2.250000000e-03,2.635164835e-01
2.300000000e-03,2.756043956e-01
2.350000000e-03,2.522344322e-01
2.400000000e-03,2.046886447e-01
2.450000000e-03,1.418315018e-01
2.500000000e-03,9.912087912e-02
2.550000000e-03,8.380952381e-02
2.600000000e-03,9.912087912e-02
2.650000000e-03,1.595604396e-01
2.700000000e-03,2.191941392e-01
2.750000000e-03,2.627106227e-01
2.800000000e-03,2.731868132e-01
2.850000000e-03,2.425641026e-01
2.900000000e-03,1.885714286e-01
2.950000000e-03,1.232967033e-01
3.000000000e-03,8.703296703e-02
3.050000000e-03,7.736263736e-02
3.100000000e-03,1.031501832e-01
3.150000000e-03,1.635897436e-01
3.200000000e-03,2.224175824e-01
3.250000000e-03,2.651282051e-01
3.300000000e-03,2.659340659e-01
3.350000000e-03,2.296703297e-01
3.400000000e-03,1.732600733e-01
3.450000000e-03,1.200732601e-01
3.500000000e-03,8.058608059e-02
3.550000000e-03,7.736263736e-02
3.600000000e-03,1.152380952e-01
3.650000000e-03,1.732600733e-01
3.700000000e-03,2.240293040e-01
3.750000000e-03,2.627106227e-01
3.800000000e-03,2.594871795e-01
3.850000000e-03,2.272527473e-01
3.900000000e-03,1.764835165e-01
3.950000000e-03,1.071794872e-01
4.000000000e-03,7.897435897e-02
4.050000000e-03,8.300366300e-02
4.100000000e-03,1.257142857e-01
4.150000000e-03,1.813186813e-01
4.200000000e-03,2.361172161e-01
4.250000000e-03,2.659340659e-01
4.300000000e-03,2.627106227e-01
4.350000000e-03,2.071062271e-01
4.400000000e-03,1.458608059e-01
4.450000000e-03,1.039560440e-01
4.500000000e-03,7.413919414e-02
4.550000000e-03,8.058608059e-02
4.600000000e-03,1.289377289e-01
4.650000000e-03,1.942124542e-01
4.700000000e-03,2.328937729e-01
4.750000000e-03,2.691575092e-01
4.800000000e-03,2.578754579e-01
4.850000000e-03,2.079120879e-01
4.900000000e-03,1.426373626e-01
4.950000000e-03,9.509157509e-02
5.000000000e-03,7.736263736e-02
5.050000000e-03,8.783882784e-02
5.100000000e-03,1.305494505e-01
5.150000000e-03,1.990476190e-01
5.200000000e-03,2.482051282e-01
5.250000000e-03,2.715750916e-01
5.300000000e-03,2.490109890e-01
5.350000000e-03,2.079120879e-01
5.400000000e-03,1.386080586e-01
5.450000000e-03,8.864468864e-02
5.500000000e-03,6.930402930e-02
5.550000000e-03,9.589743590e-02
5.600000000e-03,1.361904762e-01
5.650000000e-03,2.030769231e-01
5.700000000e-03,2.482051282e-01
5.750000000e-03,2.667399267e-01
5.800000000e-03,2.465934066e-01
5.850000000e-03,1.909890110e-01
5.900000000e-03,1.289377289e-01
5.950000000e-03,8.461538462e-02
6.000000000e-03,6.930402930e-02
6.050000000e-03,9.267399267e-02
6.100000000e-03,1.482783883e-01
6.150000000e-03,2.095238095e-01
6.200000000e-03,2.546520147e-01
6.250000000e-03,2.627106227e-01
6.300000000e-03,2.336996337e-01
6.350000000e-03,1.797069597e-01
6.400000000e-03,1.128205128e-01
6.450000000e-03,7.575091575e-02
6.500000000e-03,6.527472527e-02
6.550000000e-03,9.992673993e-02
6.600000000e-03,1.515018315e-01
6.650000000e-03,2.159706960e-01
6.700000000e-03,2.554578755e-01
6.750000000e-03,2.756043956e-01
6.800000000e-03,2.336996337e-01
6.850000000e-03,1.716483516e-01
6.900000000e-03,1.095970696e-01
6.950000000e-03,7.494505495e-02
7.000000000e-03,6.527472527e-02
7.050000000e-03,1.079853480e-01
7.100000000e-03,1.692307692e-01
7.150000000e-03,2.248351648e-01
7.200000000e-03,2.570695971e-01
7.250000000e-03,2.506227106e-01
7.300000000e-03,2.175824176e-01
7.350000000e-03,1.660073260e-01
7.400000000e-03,1.023443223e-01
7.450000000e-03,6.205128205e-02
7.500000000e-03,6.527472527e-02
7.550000000e-03,1.047619048e-01
7.600000000e-03,1.732600733e-01
7.650000000e-03,2.256410256e-01
7.700000000e-03,2.578754579e-01
7.750000000e-03,2.473992674e-01
7.800000000e-03,2.087179487e-01
7.850000000e-03,1.410256410e-01
7.900000000e-03,8.703296703e-02
7.950000000e-03,6.366300366e-02
8.000000000e-03,7.575091575e-02
8.050000000e-03,1.192673993e-01
8.100000000e-03,1.772893773e-01
8.150000000e-03,2.240293040e-01
8.200000000e-03,2.473992674e-01
8.250000000e-03,2.433699634e-01
8.300000000e-03,2.014652015e-01
8.350000000e-03,1.442490842e-01
8.400000000e-03,9.186813187e-02
8.450000000e-03,6.446886447e-02
8.500000000e-03,7.897435897e-02
8.550000000e-03,1.265201465e-01
8.600000000e-03,1.893772894e-01
8.650000000e-03,2.361172161e-01
8.700000000e-03,2.683516484e-01
8.750000000e-03,2.441758242e-01
8.800000000e-03,1.926007326e-01
8.850000000e-03,1.305494505e-01
8.900000000e-03,8.058608059e-02
8.950000000e-03,6.124542125e-02
9.000000000e-03,7.897435897e-02
9.050000000e-03,1.353846154e-01
9.100000000e-03,1.942124542e-01
9.150000000e-03,2.385347985e-01
9.200000000e-03,2.506227106e-01
9.250000000e-03,2.369230769e-01
9.300000000e-03,1.901831502e-01
9.350000000e-03,1.208791209e-01
9.400000000e-03,7.252747253e-02
9.450000000e-03,6.527472527e-02
9.500000000e-03,8.703296703e-02
9.550000000e-03,1.523076923e-01
9.600000000e-03,2.063003663e-01
9.650000000e-03,2.393406593e-01
9.700000000e-03,2.554578755e-01
9.750000000e-03,2.336996337e-01
9.800000000e-03,1.861538462e-01
9.850000000e-03,1.152380952e-01
9.900000000e-03,7.252747253e-02
9.950000000e-03,7.010989011e-02
1.000000000e-02,8.219780220e-02
1.005000000e-02,1.506959707e-01
1.010000000e-02,2.119413919e-01
1.015000000e-02,2.482051282e-01
1.020000000e-02,2.578754579e-01
1.025000000e-02,2.232234432e-01
1.030000000e-02,1.668131868e-01
1.035000000e-02,9.912087912e-02
1.040000000e-02,6.043956044e-02
1.045000000e-02,5.882783883e-02
1.050000000e-02,9.509157509e-02
1.055000000e-02,1.531135531e-01
1.060000000e-02,2.095238095e-01
1.065000000e-02,2.377289377e-01
1.070000000e-02,2.425641026e-01
1.075000000e-02,2.135531136e-01
1.080000000e-02,1.539194139e-01
1.085000000e-02,9.509157509e-02
1.090000000e-02,5.641025641e-02
1.095000000e-02,5.963369963e-02
1.100000000e-02,1.079853480e-01
1.105000000e-02,1.700366300e-01
1.110000000e-02,2.272527473e-01
1.115000000e-02,2.554578755e-01
1.120000000e-02,2.667399267e-01
1.125000000e-02,2.087179487e-01
1.130000000e-02,1.434432234e-01
1.135000000e-02,7.978021978e-02
1.140000000e-02,6.769230769e-02
1.145000000e-02,7.252747253e-02
1.150000000e-02,1.136263736e-01
1.155000000e-02,1.748717949e-01
1.160000000e-02,2.224175824e-01
1.165000000e-02,2.586813187e-01
1.170000000e-02,2.393406593e-01
1.175000000e-02,2.030769231e-01
1.180000000e-02,1.378021978e-01
1.185000000e-02,8.703296703e-02
1.190000000e-02,6.205128205e-02
1.195000000e-02,7.091575092e-02
1.200000000e-02,1.200732601e-01
1.205000000e-02,1.853479853e-01
1.210000000e-02,2.264468864e-01
1.215000000e-02,2.562637363e-01
1.220000000e-02,2.393406593e-01
1.225000000e-02,1.966300366e-01
1.230000000e-02,1.313553114e-01
1.235000000e-02,7.413919414e-02
1.240000000e-02,6.043956044e-02
1.245000000e-02,7.494505495e-02
1.250000000e-02,1.313553114e-01
1.255000000e-02,1.958241758e-01
1.260000000e-02,2.465934066e-01
1.265000000e-02,2.627106227e-01
1.270000000e-02,2.385347985e-01
1.275000000e-02,1.909890110e-01
1.280000000e-02,1.305494505e-01
1.285000000e-02,8.622710623e-02
1.290000000e-02,6.930402930e-02
1.295000000e-02,9.428571429e-02
1.300000000e-02,1.506959707e-01
1.305000000e-02,2.087179487e-01
1.310000000e-02,2.425641026e-01
1.315000000e-02,2.635164835e-01
1.320000000e-02,2.401465201e-01
1.325000000e-02,1.821245421e-01
1.330000000e-02,1.184615385e-01
1.335000000e-02,7.252747253e-02
1.340000000e-02,6.769230769e-02
1.345000000e-02,9.267399267e-02
1.350000000e-02,1.555311355e-01
1.355000000e-02,2.095238095e-01
1.360000000e-02,2.490109890e-01
1.365000000e-02,2.586813187e-01
1.370000000e-02,2.256410256e-01
1.375000000e-02,1.789010989e-01
1.380000000e-02,1.128205128e-01
1.385000000e-02,7.736263736e-02
1.390000000e-02,6.930402930e-02
1.395000000e-02,1.087912088e-01
1.400000000e-02,1.732600733e-01
1.405000000e-02,2.256410256e-01
1.410000000e-02,2.683516484e-01
1.415000000e-02,2.562637363e-01
1.420000000e-02,2.280586081e-01
1.425000000e-02,1.700366300e-01
1.430000000e-02,1.128205128e-01
1.435000000e-02,7.897435897e-02
1.440000000e-02,8.461538462e-02
1.445000000e-02,1.216849817e-01
1.450000000e-02,1.772893773e-01
1.455000000e-02,2.280586081e-01
1.460000000e-02,2.619047619e-01
1.465000000e-02,2.683516484e-01
1.470000000e-02,2.264468864e-01
1.475000000e-02,1.652014652e-01
1.480000000e-02,1.015384615e-01
1.485000000e-02,7.252747253e-02
1.490000000e-02,7.655677656e-02
1.495000000e-02,1.249084249e-01
1.500000000e-02,1.885714286e-01
1.505000000e-02,2.409523810e-01
1.510000000e-02,2.764102564e-01
1.515000000e-02,2.514285714e-01
1.520000000e-02,2.232234432e-01
1.525000000e-02,1.684249084e-01
1.530000000e-02,1.136263736e-01
1.535000000e-02,8.703296703e-02
1.540000000e-02,9.428571429e-02
1.545000000e-02,1.386080586e-01
1.550000000e-02,2.038827839e-01
1.555000000e-02,2.570695971e-01
1.560000000e-02,2.780219780e-01
1.565000000e-02,2.530402930e-01
1.570000000e-02,2.135531136e-01
1.575000000e-02,1.587545788e-01
1.580000000e-02,1.047619048e-01
1.585000000e-02,8.380952381e-02
1.590000000e-02,1.055677656e-01
1.595000000e-02,1.595604396e-01
1.600000000e-02,2.127472527e-01
1.605000000e-02,2.594871795e-01
1.610000000e-02,2.844688645e-01
1.615000000e-02,2.691575092e-01
1.620000000e-02,2.111355311e-01
1.625000000e-02,1.498901099e-01
1.630000000e-02,1.104029304e-01
1.635000000e-02,9.267399267e-02
1.640000000e-02,1.208791209e-01
1.645000000e-02,1.805128205e-01
1.650000000e-02,2.256410256e-01
1.655000000e-02,2.764102564e-01
1.660000000e-02,2.804395604e-01
1.665000000e-02,2.578754579e-01
1.670000000e-02,1.998534799e-01
1.675000000e-02,1.337728938e-01
1.680000000e-02,9.750915751e-02
1.685000000e-02,8.380952381e-02
1.690000000e-02,1.152380952e-01
1.695000000e-02,1.732600733e-01
1.700000000e-02,2.328937729e-01
1.705000000e-02,2.739926740e-01
1.710000000e-02,2.901098901e-01
1.715000000e-02,2.586813187e-01
1.720000000e-02,1.958241758e-01
1.725000000e-02,1.329670330e-01
1.730000000e-02,9.589743590e-02
1.735000000e-02,9.186813187e-02
1.740000000e-02,1.241025641e-01
1.745000000e-02,1.885714286e-01
1.750000000e-02,2.482051282e-01
1.755000000e-02,2.860805861e-01
1.760000000e-02,2.852747253e-01
1.765000000e-02,2.498168498e-01
1.770000000e-02,1.901831502e-01
1.775000000e-02,1.281318681e-01
1.780000000e-02,1.015384615e-01
1.785000000e-02,1.047619048e-01
1.790000000e-02,1.394139194e-01
1.795000000e-02,2.022710623e-01
1.800000000e-02,2.522344322e-01
1.805000000e-02,2.933333333e-01
1.810000000e-02,2.884981685e-01
1.815000000e-02,2.506227106e-01
1.820000000e-02,1.934065934e-01
1.825000000e-02,1.265201465e-01
1.830000000e-02,9.992673993e-02
1.835000000e-02,9.670329670e-02
1.840000000e-02,1.450549451e-01
1.845000000e-02,2.079120879e-01
1.850000000e-02,2.578754579e-01
1.855000000e-02,2.788278388e-01
1.860000000e-02,2.715750916e-01
1.865000000e-02,2.345054945e-01
1.870000000e-02,1.684249084e-01
1.875000000e-02,1.128205128e-01
1.880000000e-02,9.106227106e-02
1.885000000e-02,1.015384615e-01
1.890000000e-02,1.490842491e-01
1.895000000e-02,2.143589744e-01
1.900000000e-02,2.731868132e-01
1.905000000e-02,2.933333333e-01
1.910000000e-02,2.723809524e-01
1.915000000e-02,2.264468864e-01
1.920000000e-02,1.716483516e-01
1.925000000e-02,1.095970696e-01
1.930000000e-02,8.703296703e-02
1.935000000e-02,1.063736264e-01
1.940000000e-02,1.603663004e-01
1.945000000e-02,2.183882784e-01
1.950000000e-02,2.699633700e-01
1.955000000e-02,2.852747253e-01
1.960000000e-02,2.691575092e-01
1.965000000e-02,2.143589744e-01
1.970000000e-02,1.531135531e-01
1.975000000e-02,1.023443223e-01
1.980000000e-02,8.703296703e-02
1.985000000e-02,1.128205128e-01
1.990000000e-02,1.660073260e-01
1.995000000e-02,2.232234432e-01
2.000000000e-02,2.772161172e-01
2.005000000e-02,2.836630037e-01
2.010000000e-02,2.498168498e-01
2.015000000e-02,2.127472527e-01
2.020000000e-02,1.426373626e-01
2.025000000e-02,1.007326007e-01
2.030000000e-02,9.509157509e-02
2.035000000e-02,1.257142857e-01
2.040000000e-02,1.740659341e-01
2.045000000e-02,2.401465201e-01
2.050000000e-02,2.780219780e-01
2.055000000e-02,2.917216117e-01
2.060000000e-02,2.554578755e-01
2.065000000e-02,2.063003663e-01
2.070000000e-02,1.442490842e-01
2.075000000e-02,8.783882784e-02
2.080000000e-02,9.428571429e-02
2.085000000e-02,1.120146520e-01
2.090000000e-02,1.805128205e-01
2.095000000e-02,2.353113553e-01
2.100000000e-02,2.820512821e-01
2.105000000e-02,2.836630037e-01
2.110000000e-02,2.457875458e-01
2.115000000e-02,1.893772894e-01
2.120000000e-02,1.232967033e-01
2.125000000e-02,9.347985348e-02
2.130000000e-02,9.025641026e-02
2.135000000e-02,1.321611722e-01
2.140000000e-02,1.909890110e-01
2.145000000e-02,2.425641026e-01
2.150000000e-02,2.780219780e-01
2.155000000e-02,2.780219780e-01
2.160000000e-02,2.361172161e-01
2.165000000e-02,1.756776557e-01
2.170000000e-02,1.160439560e-01
2.175000000e-02,8.703296703e-02
2.180000000e-02,9.025641026e-02
2.185000000e-02,1.305494505e-01
2.190000000e-02,2.063003663e-01
2.195000000e-02,2.506227106e-01
2.200000000e-02,2.860805861e-01
2.205000000e-02,2.651282051e-01
2.210000000e-02,2.288644689e-01
2.215000000e-02,1.692307692e-01
2.220000000e-02,1.136263736e-01
2.225000000e-02,8.300366300e-02
2.230000000e-02,9.267399267e-02
2.235000000e-02,1.410256410e-01
2.240000000e-02,1.974358974e-01
2.245000000e-02,2.514285714e-01
2.250000000e-02,2.780219780e-01
2.255000000e-02,2.594871795e-01
2.260000000e-02,2.111355311e-01
2.265000000e-02,1.547252747e-01
2.270000000e-02,9.428571429e-02
2.275000000e-02,7.655677656e-02
2.280000000e-02,8.864468864e-02
2.285000000e-02,1.378021978e-01
2.290000000e-02,2.087179487e-01
2.295000000e-02,2.546520147e-01
2.300000000e-02,2.788278388e-01
2.305000000e-02,2.473992674e-01
2.310000000e-02,2.079120879e-01
2.315000000e-02,1.410256410e-01
2.320000000e-02,9.186813187e-02
2.325000000e-02,7.413919414e-02
2.330000000e-02,9.428571429e-02
2.335000000e-02,1.515018315e-01
2.340000000e-02,2.151648352e-01
2.345000000e-02,2.586813187e-01
2.350000000e-02,2.707692308e-01
2.355000000e-02,2.498168498e-01
2.360000000e-02,1.942124542e-01
2.365000000e-02,1.241025641e-01
2.370000000e-02,8.864468864e-02
2.375000000e-02,7.494505495e-02
2.380000000e-02,1.071794872e-01
2.385000000e-02,1.611721612e-01
2.390000000e-02,2.200000000e-01
2.395000000e-02,2.643223443e-01
2.400000000e-02,2.627106227e-01
2.405000000e-02,2.345054945e-01
2.410000000e-02,1.869597070e-01
2.415000000e-02,1.184615385e-01
2.420000000e-02,8.058608059e-02
2.425000000e-02,6.769230769e-02
2.430000000e-02,1.039560440e-01
2.435000000e-02,1.611721612e-01
2.440000000e-02,2.175824176e-01
2.445000000e-02,2.610989011e-01
2.450000000e-02,2.619047619e-01
2.455000000e-02,2.240293040e-01
2.460000000e-02,1.716483516e-01
2.465000000e-02,1.112087912e-01
2.470000000e-02,7.252747253e-02
2.475000000e-02,7.978021978e-02
2.480000000e-02,1.112087912e-01
2.485000000e-02,1.668131868e-01
2.490000000e-02,2.272527473e-01
2.495000000e-02,2.659340659e-01
2.500000000e-02,2.610989011e-01
2.505000000e-02,2.191941392e-01
2.510000000e-02,1.627838828e-01
2.515000000e-02,1.031501832e-01
2.520000000e-02,6.366300366e-02
2.525000000e-02,6.930402930e-02
2.530000000e-02,1.120146520e-01
2.535000000e-02,1.740659341e-01
2.540000000e-02,2.288644689e-01
2.545000000e-02,2.594871795e-01
2.550000000e-02,2.473992674e-01
2.555000000e-02,2.159706960e-01
2.560000000e-02,1.498901099e-01
2.565000000e-02,1.023443223e-01
2.570000000e-02,7.333333333e-02
2.575000000e-02,7.413919414e-02
2.580000000e-02,1.208791209e-01
2.585000000e-02,1.829304029e-01
2.590000000e-02,2.312820513e-01
2.595000000e-02,2.578754579e-01
2.600000000e-02,2.417582418e-01
2.605000000e-02,1.974358974e-01
2.610000000e-02,1.313553114e-01
2.615000000e-02,8.622710623e-02
2.620000000e-02,6.608058608e-02
2.625000000e-02,7.575091575e-02
2.630000000e-02,1.208791209e-01
2.635000000e-02,1.901831502e-01
2.640000000e-02,2.369230769e-01
2.645000000e-02,2.643223443e-01
2.650000000e-02,2.409523810e-01
2.655000000e-02,1.966300366e-01
2.660000000e-02,1.305494505e-01
2.665000000e-02,8.864468864e-02
2.670000000e-02,6.285714286e-02
2.675000000e-02,7.978021978e-02
2.680000000e-02,1.297435897e-01
2.685000000e-02,2.006593407e-01
2.690000000e-02,2.449816850e-01
2.695000000e-02,2.627106227e-01
2.700000000e-02,2.353113553e-01
2.705000000e-02,1.797069597e-01
2.710000000e-02,1.168498168e-01
2.715000000e-02,7.655677656e-02
2.720000000e-02,6.446886447e-02
2.725000000e-02,8.703296703e-02
2.730000000e-02,1.378021978e-01
2.735000000e-02,1.990476190e-01
2.740000000e-02,2.385347985e-01
2.745000000e-02,2.530402930e-01
2.750000000e-02,2.264468864e-01
2.755000000e-02,1.748717949e-01
2.760000000e-02,1.168498168e-01
2.765000000e-02,7.494505495e-02
2.770000000e-02,6.446886447e-02
2.775000000e-02,9.428571429e-02
2.780000000e-02,1.418315018e-01
2.785000000e-02,1.998534799e-01
2.790000000e-02,2.385347985e-01
2.795000000e-02,2.473992674e-01
2.800000000e-02,2.248351648e-01
2.805000000e-02,1.595604396e-01
2.810000000e-02,9.347985348e-02
2.815000000e-02,5.560439560e-02
2.820000000e-02,6.205128205e-02
2.825000000e-02,1.023443223e-01
2.830000000e-02,1.482783883e-01
2.835000000e-02,2.079120879e-01
2.840000000e-02,2.449816850e-01
2.845000000e-02,2.401465201e-01
2.850000000e-02,2.103296703e-01
2.855000000e-02,1.442490842e-01
2.860000000e-02,9.347985348e-02
2.865000000e-02,5.318681319e-02
2.870000000e-02,5.479853480e-02
2.875000000e-02,9.831501832e-02
2.880000000e-02,1.571428571e-01
2.885000000e-02,2.071062271e-01
2.890000000e-02,2.312820513e-01
2.895000000e-02,2.320879121e-01
2.900000000e-02,1.917948718e-01
2.905000000e-02,1.289377289e-01
2.910000000e-02,7.655677656e-02
2.915000000e-02,4.835164835e-02
2.920000000e-02,6.205128205e-02
2.925000000e-02,9.912087912e-02
2.930000000e-02,1.571428571e-01
2.935000000e-02,2.095238095e-01
2.940000000e-02,2.369230769e-01
2.945000000e-02,2.224175824e-01
2.950000000e-02,1.732600733e-01
2.955000000e-02,1.144322344e-01
2.960000000e-02,6.446886447e-02
2.965000000e-02,3.787545788e-02
2.970000000e-02,5.882783883e-02
2.975000000e-02,1.112087912e-01
2.980000000e-02,1.797069597e-01
2.985000000e-02,2.208058608e-01
2.990000000e-02,2.361172161e-01
2.995000000e-02,2.248351648e-01
3.000000000e-02,1.789010989e-01
3.005000000e-02,1.023443223e-01
3.010000000e-02,4.754578755e-02
3.015000000e-02,4.271062271e-02
3.020000000e-02,5.560439560e-02
3.025000000e-02,1.120146520e-01
3.030000000e-02,1.797069597e-01
3.035000000e-02,2.216117216e-01
3.040000000e-02,2.288644689e-01
3.045000000e-02,2.127472527e-01
3.050000000e-02,1.579487179e-01
3.055000000e-02,8.864468864e-02
3.060000000e-02,4.351648352e-02
3.065000000e-02,3.545787546e-02
3.070000000e-02,7.333333333e-02
3.075000000e-02,1.184615385e-01
3.080000000e-02,1.837362637e-01
3.085000000e-02,2.127472527e-01
3.090000000e-02,2.361172161e-01
3.095000000e-02,2.087179487e-01
3.100000000e-02,1.474725275e-01
3.105000000e-02,8.461538462e-02
3.110000000e-02,4.512820513e-02
3.115000000e-02,3.948717949e-02
3.120000000e-02,6.930402930e-02
3.125000000e-02,1.329670330e-01
3.130000000e-02,1.958241758e-01
3.135000000e-02,2.304761905e-01
3.140000000e-02,2.312820513e-01
3.145000000e-02,2.038827839e-01
3.150000000e-02,1.418315018e-01
3.155000000e-02,7.655677656e-02
3.160000000e-02,4.996336996e-02
3.165000000e-02,4.915750916e-02
3.170000000e-02,8.783882784e-02
3.175000000e-02,1.466666667e-01
3.180000000e-02,1.901831502e-01
3.185000000e-02,2.304761905e-01
3.190000000e-02,2.401465201e-01
3.195000000e-02,1.917948718e-01
3.200000000e-02,1.313553114e-01
3.205000000e-02,7.333333333e-02
3.210000000e-02,3.706959707e-02
3.215000000e-02,5.157509158e-02
3.220000000e-02,8.300366300e-02
3.225000000e-02,1.474725275e-01
3.230000000e-02,2.063003663e-01
3.235000000e-02,2.353113553e-01
3.240000000e-02,2.280586081e-01
3.245000000e-02,1.950183150e-01
3.250000000e-02,1.313553114e-01
3.255000000e-02,8.300366300e-02
3.260000000e-02,3.948717949e-02
3.265000000e-02,5.882783883e-02
3.270000000e-02,1.007326007e-01
3.275000000e-02,1.619780220e-01
3.280000000e-02,2.159706960e-01
3.285000000e-02,2.457875458e-01
3.290000000e-02,2.353113553e-01
3.295000000e-02,1.885714286e-01
3.300000000e-02,1.192673993e-01
3.305000000e-02,7.413919414e-02
3.310000000e-02,5.399267399e-02
3.315000000e-02,6.688644689e-02
3.320000000e-02,1.015384615e-01
3.325000000e-02,1.700366300e-01
3.330000000e-02,2.111355311e-01
3.335000000e-02,2.433699634e-01
3.340000000e-02,2.336996337e-01
3.345000000e-02,1.813186813e-01
3.350000000e-02,1.265201465e-01
3.355000000e-02,7.816849817e-02
3.360000000e-02,5.721611722e-02
3.365000000e-02,7.655677656e-02
3.370000000e-02,1.200732601e-01
3.375000000e-02,1.893772894e-01
3.380000000e-02,2.280586081e-01
3.385000000e-02,2.578754579e-01
3.390000000e-02,2.401465201e-01
3.395000000e-02,1.885714286e-01
3.400000000e-02,1.200732601e-01
3.405000000e-02,7.897435897e-02
3.410000000e-02,6.043956044e-02
3.415000000e-02,8.542124542e-02
3.420000000e-02,1.506959707e-01
3.425000000e-02,2.127472527e-01
3.430000000e-02,2.651282051e-01
3.435000000e-02,2.546520147e-01
3.440000000e-02,2.361172161e-01
3.445000000e-02,1.861538462e-01
3.450000000e-02,1.176556777e-01
3.455000000e-02,8.058608059e-02
3.460000000e-02,6.930402930e-02
3.465000000e-02,1.031501832e-01
3.470000000e-02,1.523076923e-01
3.475000000e-02,2.208058608e-01
3.480000000e-02,2.659340659e-01
3.485000000e-02,2.675457875e-01
3.490000000e-02,2.320879121e-01
3.495000000e-02,1.789010989e-01
3.500000000e-02,1.168498168e-01
3.505000000e-02,8.622710623e-02
3.510000000e-02,7.494505495e-02
3.515000000e-02,1.112087912e-01
3.520000000e-02,1.764835165e-01
3.525000000e-02,2.304761905e-01
3.530000000e-02,2.667399267e-01
3.535000000e-02,2.699633700e-01
3.540000000e-02,2.312820513e-01
3.545000000e-02,1.764835165e-01
3.550000000e-02,1.208791209e-01
3.555000000e-02,8.300366300e-02
3.560000000e-02,8.783882784e-02
3.565000000e-02,1.289377289e-01
3.570000000e-02,1.958241758e-01
3.575000000e-02,2.530402930e-01
3.580000000e-02,2.917216117e-01
3.585000000e-02,2.780219780e-01
3.590000000e-02,2.369230769e-01
3.595000000e-02,1.893772894e-01
3.600000000e-02,1.386080586e-01
3.605000000e-02,1.071794872e-01
3.610000000e-02,1.079853480e-01
3.615000000e-02,1.506959707e-01
3.620000000e-02,2.256410256e-01
3.625000000e-02,2.772161172e-01
3.630000000e-02,3.030036630e-01
3.635000000e-02,2.901098901e-01
3.640000000e-02,2.377289377e-01
3.645000000e-02,1.797069597e-01
3.650000000e-02,1.289377289e-01
3.655000000e-02,9.912087912e-02
3.660000000e-02,1.144322344e-01
3.665000000e-02,1.627838828e-01
3.670000000e-02,2.256410256e-01
3.675000000e-02,2.884981685e-01
3.680000000e-02,3.030036630e-01
3.685000000e-02,2.844688645e-01
3.690000000e-02,2.328937729e-01
3.695000000e-02,1.877655678e-01
3.700000000e-02,1.329670330e-01
3.705000000e-02,1.216849817e-01
3.710000000e-02,1.394139194e-01
3.715000000e-02,1.909890110e-01
3.720000000e-02,2.449816850e-01
3.725000000e-02,2.949450549e-01
3.730000000e-02,3.118681319e-01
3.735000000e-02,2.989743590e-01
3.740000000e-02,2.393406593e-01
3.745000000e-02,1.845421245e-01
3.750000000e-02,1.224908425e-01
3.755000000e-02,1.136263736e-01
3.760000000e-02,1.418315018e-01
3.765000000e-02,1.982417582e-01
3.770000000e-02,2.635164835e-01
3.775000000e-02,3.070329670e-01
3.780000000e-02,3.175091575e-01
3.785000000e-02,2.893040293e-01
3.790000000e-02,2.369230769e-01
3.795000000e-02,1.797069597e-01
3.800000000e-02,1.313553114e-01
3.805000000e-02,1.192673993e-01
3.810000000e-02,1.490842491e-01
3.815000000e-02,2.014652015e-01
3.820000000e-02,2.586813187e-01
3.825000000e-02,3.030036630e-01
3.830000000e-02,3.038095238e-01
3.835000000e-02,2.836630037e-01
3.840000000e-02,2.256410256e-01
3.845000000e-02,1.676190476e-01
3.850000000e-02,1.224908425e-01
3.855000000e-02,1.232967033e-01
3.860000000e-02,1.523076923e-01
3.865000000e-02,2.046886447e-01
3.870000000e-02,2.836630037e-01
3.875000000e-02,3.134798535e-01
3.880000000e-02,3.142857143e-01
3.885000000e-02,2.812454212e-01
3.890000000e-02,2.216117216e-01
3.895000000e-02,1.660073260e-01
3.900000000e-02,1.192673993e-01
3.905000000e-02,1.273260073e-01
3.910000000e-02,1.732600733e-01
3.915000000e-02,2.240293040e-01
3.920000000e-02,2.836630037e-01
3.925000000e-02,3.102564103e-01
3.930000000e-02,3.070329670e-01
3.935000000e-02,2.731868132e-01
3.940000000e-02,2.087179487e-01
3.945000000e-02,1.531135531e-01
3.950000000e-02,1.176556777e-01
3.955000000e-02,1.305494505e-01
3.960000000e-02,1.789010989e-01
3.965000000e-02,2.296703297e-01
3.970000000e-02,2.917216117e-01
3.975000000e-02,3.175091575e-01
3.980000000e-02,3.158974359e-01
3.985000000e-02,2.683516484e-01
3.990000000e-02,2.095238095e-01
3.995000000e-02,1.458608059e-01
4.000000000e-02,1.192673993e-01
4.005000000e-02,1.466666667e-01
4.010000000e-02,1.966300366e-01
4.015000000e-02,2.498168498e-01
4.020000000e-02,3.102564103e-01
4.025000000e-02,3.223443223e-01
4.030000000e-02,3.110622711e-01
4.035000000e-02,2.683516484e-01
4.040000000e-02,1.998534799e-01
4.045000000e-02,1.450549451e-01
4.050000000e-02,1.289377289e-01
4.055000000e-02,1.402197802e-01
4.060000000e-02,1.926007326e-01
4.065000000e-02,2.546520147e-01
4.070000000e-02,2.957509158e-01
4.075000000e-02,3.134798535e-01
4.080000000e-02,2.917216117e-01
4.085000000e-02,2.449816850e-01
4.090000000e-02,1.748717949e-01
4.095000000e-02,1.305494505e-01
4.100000000e-02,1.095970696e-01
4.105000000e-02,1.442490842e-01
4.110000000e-02,1.845421245e-01
4.115000000e-02,2.465934066e-01
4.120000000e-02,3.062271062e-01
4.125000000e-02,3.312087912e-01
4.130000000e-02,2.796336996e-01
4.135000000e-02,2.248351648e-01
4.140000000e-02,1.700366300e-01
4.145000000e-02,1.176556777e-01
4.150000000e-02,1.104029304e-01
4.155000000e-02,1.394139194e-01
4.160000000e-02,1.958241758e-01
4.165000000e-02,2.586813187e-01
4.170000000e-02,3.038095238e-01
4.175000000e-02,2.997802198e-01
4.180000000e-02,2.707692308e-01
4.185000000e-02,2.143589744e-01
4.190000000e-02,1.611721612e-01
4.195000000e-02,1.136263736e-01
4.200000000e-02,1.095970696e-01
4.205000000e-02,1.345787546e-01
4.210000000e-02,1.917948718e-01
4.215000000e-02,2.619047619e-01
4.220000000e-02,2.901098901e-01
4.225000000e-02,2.925274725e-01
4.230000000e-02,2.482051282e-01
4.235000000e-02,1.966300366e-01
4.240000000e-02,1.305494505e-01
4.245000000e-02,1.007326007e-01
4.250000000e-02,9.589743590e-02
4.255000000e-02,1.386080586e-01
4.260000000e-02,1.909890110e-01
4.265000000e-02,2.578754579e-01
4.270000000e-02,2.788278388e-01
4.275000000e-02,2.812454212e-01
4.280000000e-02,2.433699634e-01
4.285000000e-02,1.861538462e-01
4.290000000e-02,1.200732601e-01
4.295000000e-02,8.945054945e-02
4.300000000e-02,9.509157509e-02
4.305000000e-02,1.402197802e-01
4.310000000e-02,1.998534799e-01
4.315000000e-02,2.578754579e-01
4.320000000e-02,2.707692308e-01
4.325000000e-02,2.651282051e-01
4.330000000e-02,2.232234432e-01
4.335000000e-02,1.563369963e-01
4.340000000e-02,1.192673993e-01
4.345000000e-02,9.347985348e-02
4.350000000e-02,9.428571429e-02
4.355000000e-02,1.418315018e-01
4.360000000e-02,2.030769231e-01
4.365000000e-02,2.538461538e-01
4.370000000e-02,2.852747253e-01
4.375000000e-02,2.651282051e-01
4.380000000e-02,2.151648352e-01
4.385000000e-02,1.506959707e-01
4.390000000e-02,9.509157509e-02
4.395000000e-02,8.461538462e-02
4.400000000e-02,9.831501832e-02
4.405000000e-02,1.450549451e-01
4.410000000e-02,2.135531136e-01
4.415000000e-02,2.659340659e-01
4.420000000e-02,2.828571429e-01
4.425000000e-02,2.498168498e-01
4.430000000e-02,2.103296703e-01
4.435000000e-02,1.490842491e-01
4.440000000e-02,1.047619048e-01
4.445000000e-02,8.380952381e-02
4.450000000e-02,1.063736264e-01
4.455000000e-02,1.555311355e-01
4.460000000e-02,2.006593407e-01
4.465000000e-02,2.546520147e-01
4.470000000e-02,2.780219780e-01
4.475000000e-02,2.538461538e-01
4.480000000e-02,1.982417582e-01
4.485000000e-02,1.289377289e-01
4.490000000e-02,8.783882784e-02
4.495000000e-02,8.058608059e-02
4.500000000e-02,9.589743590e-02
4.505000000e-02,1.450549451e-01
4.510000000e-02,2.038827839e-01
4.515000000e-02,2.538461538e-01
4.520000000e-02,2.764102564e-01
4.525000000e-02,2.345054945e-01
4.530000000e-02,1.821245421e-01
4.535000000e-02,1.168498168e-01
4.540000000e-02,7.575091575e-02
4.545000000e-02,6.688644689e-02
4.550000000e-02,9.831501832e-02
4.555000000e-02,1.539194139e-01
4.560000000e-02,2.103296703e-01
4.565000000e-02,2.498168498e-01
4.570000000e-02,2.602930403e-01
4.575000000e-02,2.224175824e-01
4.580000000e-02,1.619780220e-01
4.585000000e-02,8.864468864e-02
4.590000000e-02,5.802197802e-02
4.595000000e-02,6.285714286e-02
4.600000000e-02,9.750915751e-02
4.605000000e-02,1.515018315e-01
4.610000000e-02,2.111355311e-01
4.615000000e-02,2.530402930e-01
4.620000000e-02,2.570695971e-01
4.625000000e-02,2.127472527e-01
4.630000000e-02,1.547252747e-01
4.635000000e-02,9.347985348e-02
4.640000000e-02,6.124542125e-02
4.645000000e-02,6.205128205e-02
4.650000000e-02,1.023443223e-01
4.655000000e-02,1.603663004e-01
4.660000000e-02,2.103296703e-01
4.665000000e-02,2.425641026e-01
4.670000000e-02,2.377289377e-01
4.675000000e-02,1.926007326e-01
4.680000000e-02,1.305494505e-01
4.685000000e-02,7.575091575e-02
4.690000000e-02,4.593406593e-02
4.695000000e-02,7.091575092e-02
4.700000000e-02,1.095970696e-01
4.705000000e-02,1.789010989e-01
4.710000000e-02,2.272527473e-01
4.715000000e-02,2.490109890e-01
4.720000000e-02,2.296703297e-01
4.725000000e-02,1.934065934e-01
4.730000000e-02,1.273260073e-01
4.735000000e-02,8.139194139e-02
4.740000000e-02,5.157509158e-02
4.745000000e-02,6.849816850e-02
4.750000000e-02,1.039560440e-01
4.755000000e-02,1.627838828e-01
4.760000000e-02,2.111355311e-01
4.765000000e-02,2.425641026e-01
4.770000000e-02,2.304761905e-01
4.775000000e-02,1.756776557e-01
4.780000000e-02,1.055677656e-01
4.785000000e-02,6.043956044e-02
4.790000000e-02,4.432234432e-02
4.795000000e-02,7.091575092e-02
4.800000000e-02,1.168498168e-01
4.805000000e-02,1.813186813e-01
4.810000000e-02,2.280586081e-01
4.815000000e-02,2.369230769e-01
4.820000000e-02,2.232234432e-01
4.825000000e-02,1.789010989e-01
4.830000000e-02,1.071794872e-01
4.835000000e-02,5.802197802e-02
4.840000000e-02,4.673992674e-02
4.845000000e-02,8.380952381e-02
4.850000000e-02,1.305494505e-01
4.855000000e-02,1.901831502e-01
4.860000000e-02,2.304761905e-01
4.865000000e-02,2.393406593e-01
4.870000000e-02,2.135531136e-01
4.875000000e-02,1.587545788e-01
4.880000000e-02,9.267399267e-02
4.885000000e-02,4.754578755e-02
4.890000000e-02,4.593406593e-02
4.895000000e-02,8.219780220e-02
4.900000000e-02,1.361904762e-01
4.905000000e-02,2.038827839e-01
4.910000000e-02,2.288644689e-01
4.915000000e-02,2.377289377e-01
4.920000000e-02,2.087179487e-01
4.925000000e-02,1.442490842e-01
4.930000000e-02,9.267399267e-02
4.935000000e-02,4.754578755e-02
4.940000000e-02,5.802197802e-02
4.945000000e-02,9.106227106e-02
4.950000000e-02,1.378021978e-01
4.955000000e-02,2.006593407e-01
4.960000000e-02,2.240293040e-01
4.965000000e-02,2.312820513e-01
4.970000000e-02,2.030769231e-01
4.975000000e-02,1.297435897e-01
4.980000000e-02,7.413919414e-02
4.985000000e-02,3.545787546e-02
4.990000000e-02,4.190476190e-02
4.995000000e-02,8.622710623e-02
5.000000000e-02,1.418315018e-01
5.005000000e-02,2.095238095e-01
5.010000000e-02,2.320879121e-01
5.015000000e-02,2.288644689e-01
5.020000000e-02,1.869597070e-01
5.025000000e-02,1.063736264e-01
5.030000000e-02,6.124542125e-02
5.035000000e-02,2.417582418e-02
5.040000000e-02,5.399267399e-02
5.045000000e-02,8.864468864e-02
5.050000000e-02,1.474725275e-01
5.055000000e-02,2.087179487e-01
5.060000000e-02,2.111355311e-01
5.065000000e-02,2.232234432e-01
5.070000000e-02,1.740659341e-01
5.075000000e-02,1.112087912e-01
5.080000000e-02,6.527472527e-02
5.085000000e-02,3.706959707e-02
5.090000000e-02,4.996336996e-02
5.095000000e-02,9.670329670e-02
5.100000000e-02,1.563369963e-01
5.105000000e-02,2.063003663e-01
5.110000000e-02,2.280586081e-01
