time_seconds,sample
0.000000000e+00,1132
2.000000000e-06,972
4.000000000e-06,716
6.000000000e-06,463
8.000000000e-06,317
1.000000000e-05,327
1.200000000e-05,490
1.400000000e-05,747
1.600000000e-05,999
1.800000000e-05,1142
2.000000000e-05,1134
2.200000000e-05,971
2.400000000e-05,719
2.600000000e-05,469
2.800000000e-05,317
3.000000000e-05,328
3.200000000e-05,495
3.400000000e-05,747
3.600000000e-05,993
3.800000000e-05,1146
4.000000000e-05,1129
4.200000000e-05,971
4.400000000e-05,711
4.600000000e-05,464
4.800000000e-05,315
5.000000000e-05,326
5.200000000e-05,487
5.400000000e-05,746
5.600000000e-05,997
5.800000000e-05,1139
6.000000000e-05,1133
6.200000000e-05,959
6.400000000e-05,709
6.600000000e-05,464
6.800000000e-05,323
7.000000000e-05,326
7.200000000e-05,492
7.400000000e-05,744
7.600000000e-05,997
7.800000000e-05,1140
8.000000000e-05,1125
8.200000000e-05,966
8.400000000e-05,714
8.600000000e-05,465
8.800000000e-05,318
9.000000000e-05,328
9.200000000e-05,490
9.400000000e-05,746
9.600000000e-05,990
9.800000000e-05,1145
1.000000000e-04,1135
1.020000000e-04,967
1.040000000e-04,712
1.060000000e-04,462
1.080000000e-04,317
1.100000000e-04,334
1.120000000e-04,492
1.140000000e-04,750
1.160000000e-04,997
1.180000000e-04,1144
1.200000000e-04,1133
1.220000000e-04,968
1.240000000e-04,712
1.260000000e-04,462
1.280000000e-04,312
1.300000000e-04,329
1.320000000e-04,490
1.340000000e-04,752
1.360000000e-04,997
1.380000000e-04,1141
1.400000000e-04,1128
1.420000000e-04,964
1.440000000e-04,710
1.460000000e-04,462
1.480000000e-04,314
1.500000000e-04,330
1.520000000e-04,493
1.540000000e-04,746
1.560000000e-04,990
1.580000000e-04,1141
1.600000000e-04,1131
1.620000000e-04,966
1.640000000e-04,716
1.660000000e-04,464
1.680000000e-04,319
1.700000000e-04,327
1.720000000e-04,488
1.740000000e-04,748
1.760000000e-04,995
1.780000000e-04,1139
1.800000000e-04,1135
1.820000000e-04,967
1.840000000e-04,711
1.860000000e-04,466
1.880000000e-04,313
1.900000000e-04,326
1.920000000e-04,493
1.940000000e-04,746
1.960000000e-04,996
1.980000000e-04,1143
2.000000000e-04,1123
2.020000000e-04,966
2.040000000e-04,708
2.060000000e-04,459
2.080000000e-04,314
2.100000000e-04,326
2.120000000e-04,489
2.140000000e-04,749
2.160000000e-04,997
2.180000000e-04,1139
2.200000000e-04,1130
2.220000000e-04,964
2.240000000e-04,709
2.260000000e-04,465
2.280000000e-04,316
2.300000000e-04,330
2.320000000e-04,492
2.340000000e-04,750
2.360000000e-04,1000
2.380000000e-04,1137
2.400000000e-04,1131
2.420000000e-04,968
2.440000000e-04,710
2.460000000e-04,465
2.480000000e-04,321
2.500000000e-04,328
2.520000000e-04,490
2.540000000e-04,748
2.560000000e-04,996
2.580000000e-04,1143
2.600000000e-04,1125
2.620000000e-04,962
2.640000000e-04,712
2.660000000e-04,463
2.680000000e-04,315
2.700000000e-04,332
2.720000000e-04,492
2.740000000e-04,746
2.760000000e-04,997
2.780000000e-04,1144
2.800000000e-04,1129
2.820000000e-04,965
2.840000000e-04,709
2.860000000e-04,462
2.880000000e-04,317
2.900000000e-04,331
2.920000000e-04,495
2.940000000e-04,749
2.960000000e-04,997
2.980000000e-04,1141
3.000000000e-04,1137
3.020000000e-04,970
3.040000000e-04,717
3.060000000e-04,469
3.080000000e-04,318
3.100000000e-04,332
3.120000000e-04,493
3.140000000e-04,742
3.160000000e-04,999
3.180000000e-04,1139
3.200000000e-04,1129
3.220000000e-04,968
3.240000000e-04,714
3.260000000e-04,464
3.280000000e-04,317
3.300000000e-04,331
3.320000000e-04,491
3.340000000e-04,744
3.360000000e-04,997
3.380000000e-04,1146
3.400000000e-04,1132
3.420000000e-04,961
3.440000000e-04,708
3.460000000e-04,463
3.480000000e-04,317
3.500000000e-04,332
3.520000000e-04,490
3.540000000e-04,748
3.560000000e-04,990
3.580000000e-04,1142
3.600000000e-04,1130
3.620000000e-04,964
3.640000000e-04,708
3.660000000e-04,461
3.680000000e-04,322
3.700000000e-04,326
3.720000000e-04,483
3.740000000e-04,750
3.760000000e-04,997
3.780000000e-04,1142
3.800000000e-04,1136
3.820000000e-04,969
3.840000000e-04,712
3.860000000e-04,461
3.880000000e-04,313
3.900000000e-04,329
3.920000000e-04,495
3.940000000e-04,747
3.960000000e-04,998
3.980000000e-04,1140
4.000000000e-04,1125
4.020000000e-04,965
4.040000000e-04,712
4.060000000e-04,464
4.080000000e-04,314
4.100000000e-04,325
4.120000000e-04,492
4.140000000e-04,748
4.160000000e-04,995
4.180000000e-04,1142
4.200000000e-04,1130
4.220000000e-04,972
4.240000000e-04,713
4.260000000e-04,459
4.280000000e-04,317
4.300000000e-04,324
4.320000000e-04,493
4.340000000e-04,747
4.360000000e-04,1000
4.380000000e-04,1144
4.400000000e-04,1131
4.420000000e-04,965
4.440000000e-04,708
4.460000000e-04,460
4.480000000e-04,314
4.500000000e-04,330
4.520000000e-04,491
4.540000000e-04,748
4.560000000e-04,999
4.580000000e-04,1148
4.600000000e-04,1133
4.620000000e-04,964
4.640000000e-04,707
4.660000000e-04,463
4.680000000e-04,319
4.700000000e-04,328
4.720000000e-04,495
4.740000000e-04,746
4.760000000e-04,997
4.780000000e-04,1143
4.800000000e-04,1130
4.820000000e-04,962
4.840000000e-04,706
4.860000000e-04,464
4.880000000e-04,317
4.900000000e-04,328
4.920000000e-04,494
4.940000000e-04,748
4.960000000e-04,993
4.980000000e-04,1141
5.000000000e-04,1130
5.020000000e-04,968
5.040000000e-04,711
5.060000000e-04,466
5.080000000e-04,314
5.100000000e-04,328
5.120000000e-04,493
5.140000000e-04,748
5.160000000e-04,992
5.180000000e-04,1141
5.200000000e-04,1129
5.220000000e-04,966
5.240000000e-04,710
5.260000000e-04,464
5.280000000e-04,318
5.300000000e-04,325
5.320000000e-04,492
5.340000000e-04,750
5.360000000e-04,999
5.380000000e-04,1140
5.400000000e-04,1126
5.420000000e-04,967
5.440000000e-04,712
5.460000000e-04,465
5.480000000e-04,315
5.500000000e-04,329
5.520000000e-04,493
5.540000000e-04,748
5.560000000e-04,995
5.580000000e-04,1133
5.600000000e-04,1131
5.620000000e-04,966
5.640000000e-04,716
5.660000000e-04,467
5.680000000e-04,316
5.700000000e-04,326
5.720000000e-04,496
5.740000000e-04,746
5.760000000e-04,994
5.780000000e-04,1145
5.800000000e-04,1138
5.820000000e-04,962
5.840000000e-04,716
5.860000000e-04,462
5.880000000e-04,316
5.900000000e-04,331
5.920000000e-04,490
5.940000000e-04,748
5.960000000e-04,991
5.980000000e-04,1146
6.000000000e-04,1130
6.020000000e-04,970
6.040000000e-04,715
6.060000000e-04,462
6.080000000e-04,319
6.100000000e-04,328
6.120000000e-04,494
6.140000000e-04,748
6.160000000e-04,997
6.180000000e-04,1142
6.200000000e-04,1131
6.220000000e-04,967
6.240000000e-04,714
6.260000000e-04,463
6.280000000e-04,315
6.300000000e-04,331
6.320000000e-04,493
6.340000000e-04,742
6.360000000e-04,994
6.380000000e-04,1140
6.400000000e-04,1133
6.420000000e-04,968
6.440000000e-04,713
6.460000000e-04,462
6.480000000e-04,316
6.500000000e-04,328
6.520000000e-04,494
6.540000000e-04,747
6.560000000e-04,999
6.580000000e-04,1144
6.600000000e-04,1135
6.620000000e-04,968
6.640000000e-04,708
6.660000000e-04,458
6.680000000e-04,318
6.700000000e-04,331
6.720000000e-04,493
6.740000000e-04,751
6.760000000e-04,995
6.780000000e-04,1139
6.800000000e-04,1129
6.820000000e-04,966
6.840000000e-04,712
6.860000000e-04,466
6.880000000e-04,319
6.900000000e-04,331
6.920000000e-04,493
6.940000000e-04,751
6.960000000e-04,996
6.980000000e-04,1144
7.000000000e-04,1127
7.020000000e-04,963
7.040000000e-04,709
7.060000000e-04,460
7.080000000e-04,318
7.100000000e-04,333
7.120000000e-04,490
7.140000000e-04,748
7.160000000e-04,996
7.180000000e-04,1138
7.200000000e-04,1130
7.220000000e-04,960
7.240000000e-04,711
7.260000000e-04,462
7.280000000e-04,317
7.300000000e-04,332
7.320000000e-04,493
7.340000000e-04,750
7.360000000e-04,998
7.380000000e-04,1140
7.400000000e-04,1132
7.420000000e-04,968
7.440000000e-04,710
7.460000000e-04,464
7.480000000e-04,313
7.500000000e-04,329
7.520000000e-04,497
7.540000000e-04,747
7.560000000e-04,999
7.580000000e-04,1139
7.600000000e-04,1129
7.620000000e-04,966
7.640000000e-04,709
7.660000000e-04,460
7.680000000e-04,315
7.700000000e-04,330
7.720000000e-04,493
7.740000000e-04,752
7.760000000e-04,1000
7.780000000e-04,1145
7.800000000e-04,1136
7.820000000e-04,962
7.840000000e-04,707
7.860000000e-04,458
7.880000000e-04,314
7.900000000e-04,329
7.920000000e-04,494
7.940000000e-04,749
7.960000000e-04,996
7.980000000e-04,1146
8.000000000e-04,1131
8.020000000e-04,964
8.040000000e-04,709
8.060000000e-04,461
8.080000000e-04,313
8.100000000e-04,330
8.120000000e-04,499
8.140000000e-04,752
8.160000000e-04,994
8.180000000e-04,1140
8.200000000e-04,1129
8.220000000e-04,966
8.240000000e-04,704
8.260000000e-04,462
8.280000000e-04,314
8.300000000e-04,330
8.320000000e-04,498
8.340000000e-04,757
8.360000000e-04,997
8.380000000e-04,1143
8.400000000e-04,1129
8.420000000e-04,961
8.440000000e-04,705
8.460000000e-04,460
8.480000000e-04,315
8.500000000e-04,323
8.520000000e-04,496
8.540000000e-04,752
8.560000000e-04,996
8.580000000e-04,1139
8.600000000e-04,1123
8.620000000e-04,959
8.640000000e-04,712
8.660000000e-04,461
8.680000000e-04,316
8.700000000e-04,331
8.720000000e-04,494
8.740000000e-04,749
8.760000000e-04,995
8.780000000e-04,1141
8.800000000e-04,1126
8.820000000e-04,968
8.840000000e-04,709
8.860000000e-04,465
8.880000000e-04,317
8.900000000e-04,330
8.920000000e-04,495
8.940000000e-04,748
8.960000000e-04,998
8.980000000e-04,1146
9.000000000e-04,1128
9.020000000e-04,964
9.040000000e-04,705
9.060000000e-04,460
9.080000000e-04,312
9.100000000e-04,328
9.120000000e-04,490
9.140000000e-04,748
9.160000000e-04,999
9.180000000e-04,1142
9.200000000e-04,1130
9.220000000e-04,962
9.240000000e-04,709
9.260000000e-04,457
9.280000000e-04,313
9.300000000e-04,330
9.320000000e-04,493
9.340000000e-04,753
9.360000000e-04,995
9.380000000e-04,1137
9.400000000e-04,1127
9.420000000e-04,962
9.440000000e-04,710
9.460000000e-04,461
9.480000000e-04,315
9.500000000e-04,329
9.520000000e-04,492
9.540000000e-04,749
9.560000000e-04,996
9.580000000e-04,1142
9.600000000e-04,1135
9.620000000e-04,965
9.640000000e-04,705
9.660000000e-04,464
9.680000000e-04,317
9.700000000e-04,328
9.720000000e-04,495
9.740000000e-04,748
9.760000000e-04,1011
9.780000000e-04,1143
9.800000000e-04,1129
9.820000000e-04,962
9.840000000e-04,710
9.860000000e-04,463
9.880000000e-04,316
9.900000000e-04,334
9.920000000e-04,493
9.940000000e-04,751
9.960000000e-04,999
9.980000000e-04,1139
1.000000000e-03,1132
1.002000000e-03,968
1.004000000e-03,714
1.006000000e-03,462
1.008000000e-03,315
1.010000000e-03,327
1.012000000e-03,494
1.014000000e-03,748
1.016000000e-03,1001
1.018000000e-03,1143
1.020000000e-03,1129
1.022000000e-03,963
1.024000000e-03,705
1.026000000e-03,458
1.028000000e-03,311
1.030000000e-03,333
1.032000000e-03,496
1.034000000e-03,751
1.036000000e-03,1001
1.038000000e-03,1142
1.040000000e-03,1131
1.042000000e-03,963
1.044000000e-03,710
1.046000000e-03,463
1.048000000e-03,317
1.050000000e-03,333
1.052000000e-03,495
1.054000000e-03,747
1.056000000e-03,995
1.058000000e-03,1146
1.060000000e-03,1131
1.062000000e-03,963
1.064000000e-03,707
1.066000000e-03,459
1.068000000e-03,315
1.070000000e-03,329
1.072000000e-03,488
1.074000000e-03,746
1.076000000e-03,996
1.078000000e-03,1143
1.080000000e-03,1134
1.082000000e-03,966
1.084000000e-03,712
1.086000000e-03,464
1.088000000e-03,310
1.090000000e-03,330
1.092000000e-03,494
1.094000000e-03,749
1.096000000e-03,997
1.098000000e-03,1141
1.100000000e-03,1129
1.102000000e-03,966
1.104000000e-03,707
1.106000000e-03,464
1.108000000e-03,317
1.110000000e-03,333
1.112000000e-03,490
1.114000000e-03,753
1.116000000e-03,995
1.118000000e-03,1139
1.120000000e-03,1128
1.122000000e-03,965
1.124000000e-03,708
1.126000000e-03,461
1.128000000e-03,317
1.130000000e-03,330
1.132000000e-03,494
1.134000000e-03,756
1.136000000e-03,1000
1.138000000e-03,1140
1.140000000e-03,1129
1.142000000e-03,965
1.144000000e-03,709
1.146000000e-03,459
1.148000000e-03,313
1.150000000e-03,326
1.152000000e-03,494
1.154000000e-03,751
1.156000000e-03,996
1.158000000e-03,1142
1.160000000e-03,1132
1.162000000e-03,967
1.164000000e-03,710
1.166000000e-03,458
1.168000000e-03,316
1.170000000e-03,360
1.172000000e-03,496
1.174000000e-03,749
1.176000000e-03,998
1.178000000e-03,1148
1.180000000e-03,1129
1.182000000e-03,959
1.184000000e-03,703
1.186000000e-03,456
1.188000000e-03,314
1.190000000e-03,325
1.192000000e-03,500
1.194000000e-03,750
1.196000000e-03,1000
1.198000000e-03,1143
1.200000000e-03,1126
1.202000000e-03,963
1.204000000e-03,708
1.206000000e-03,462
1.208000000e-03,318
1.210000000e-03,327
1.212000000e-03,493
1.214000000e-03,755
1.216000000e-03,997
1.218000000e-03,1141
1.220000000e-03,1134
1.222000000e-03,966
1.224000000e-03,707
1.226000000e-03,460
1.228000000e-03,317
1.230000000e-03,326
1.232000000e-03,494
1.234000000e-03,750
1.236000000e-03,996
1.238000000e-03,1144
1.240000000e-03,1130
1.242000000e-03,962
1.244000000e-03,708
1.246000000e-03,456
1.248000000e-03,314
1.250000000e-03,323
1.252000000e-03,492
1.254000000e-03,755
1.256000000e-03,991
1.258000000e-03,1144
1.260000000e-03,1130
1.262000000e-03,960
1.264000000e-03,711
1.266000000e-03,463
1.268000000e-03,316
1.270000000e-03,329
1.272000000e-03,494
1.274000000e-03,751
1.276000000e-03,1000
1.278000000e-03,1142
1.280000000e-03,1129
1.282000000e-03,956
1.284000000e-03,706
1.286000000e-03,461
1.288000000e-03,315
1.290000000e-03,333
1.292000000e-03,498
1.294000000e-03,752
1.296000000e-03,998
1.298000000e-03,1141
1.300000000e-03,1129
1.302000000e-03,961
1.304000000e-03,712
1.306000000e-03,459
1.308000000e-03,319
1.310000000e-03,331
1.312000000e-03,496
1.314000000e-03,753
1.316000000e-03,997
1.318000000e-03,1141
1.320000000e-03,1131
1.322000000e-03,962
1.324000000e-03,706
1.326000000e-03,460
1.328000000e-03,318
1.330000000e-03,330
1.332000000e-03,498
1.334000000e-03,755
1.336000000e-03,997
1.338000000e-03,1145
1.340000000e-03,1131
1.342000000e-03,965
1.344000000e-03,708
1.346000000e-03,459
1.348000000e-03,316
1.350000000e-03,331
1.352000000e-03,496
1.354000000e-03,751
1.356000000e-03,999
1.358000000e-03,1143
1.360000000e-03,1130
1.362000000e-03,958
1.364000000e-03,713
1.366000000e-03,463
1.368000000e-03,318
1.370000000e-03,331
1.372000000e-03,497
1.374000000e-03,749
1.376000000e-03,1004
1.378000000e-03,1142
1.380000000e-03,1127
1.382000000e-03,962
1.384000000e-03,706
1.386000000e-03,458
1.388000000e-03,321
1.390000000e-03,330
1.392000000e-03,498
1.394000000e-03,744
1.396000000e-03,998
1.398000000e-03,1146
1.400000000e-03,1131
1.402000000e-03,963
1.404000000e-03,709
1.406000000e-03,458
1.408000000e-03,315
1.410000000e-03,326
1.412000000e-03,499
1.414000000e-03,751
1.416000000e-03,999
1.418000000e-03,1145
1.420000000e-03,1133
1.422000000e-03,968
1.424000000e-03,706
1.426000000e-03,456
1.428000000e-03,314
1.430000000e-03,329
1.432000000e-03,494
1.434000000e-03,757
1.436000000e-03,1005
1.438000000e-03,1142
1.440000000e-03,1131
1.442000000e-03,961
1.444000000e-03,708
1.446000000e-03,454
1.448000000e-03,311
1.450000000e-03,331
1.452000000e-03,494
1.454000000e-03,753
1.456000000e-03,1002
1.458000000e-03,1143
1.460000000e-03,1129
1.462000000e-03,958
1.464000000e-03,703
1.466000000e-03,461
1.468000000e-03,317
1.470000000e-03,331
1.472000000e-03,500
1.474000000e-03,754
1.476000000e-03,1001
1.478000000e-03,1146
1.480000000e-03,1130
1.482000000e-03,961
1.484000000e-03,704
1.486000000e-03,461
1.488000000e-03,317
1.490000000e-03,335
1.492000000e-03,500
1.494000000e-03,752
1.496000000e-03,1001
1.498000000e-03,1141
1.500000000e-03,1119
1.502000000e-03,958
1.504000000e-03,704
1.506000000e-03,460
1.508000000e-03,317
1.510000000e-03,335
1.512000000e-03,495
1.514000000e-03,750
1.516000000e-03,1002
1.518000000e-03,1147
1.520000000e-03,1128
1.522000000e-03,960
1.524000000e-03,706
1.526000000e-03,461
1.528000000e-03,318
1.530000000e-03,326
1.532000000e-03,496
1.534000000e-03,754
1.536000000e-03,1000
1.538000000e-03,1145
1.540000000e-03,1131
1.542000000e-03,964
1.544000000e-03,707
1.546000000e-03,455
1.548000000e-03,316
1.550000000e-03,324
1.552000000e-03,495
1.554000000e-03,752
1.556000000e-03,996
1.558000000e-03,1147
1.560000000e-03,1131
1.562000000e-03,963
1.564000000e-03,704
1.566000000e-03,460
1.568000000e-03,312
1.570000000e-03,327
1.572000000e-03,496
1.574000000e-03,755
1.576000000e-03,1000
1.578000000e-03,1147
1.580000000e-03,1129
1.582000000e-03,958
1.584000000e-03,702
1.586000000e-03,458
1.588000000e-03,312
1.590000000e-03,329
1.592000000e-03,489
1.594000000e-03,755
1.596000000e-03,1004
1.598000000e-03,1141
1.600000000e-03,1130
1.602000000e-03,962
1.604000000e-03,703
1.606000000e-03,455
1.608000000e-03,311
1.610000000e-03,332
1.612000000e-03,501
1.614000000e-03,756
1.616000000e-03,998
1.618000000e-03,1143
1.620000000e-03,1127
1.622000000e-03,964
1.624000000e-03,705
1.626000000e-03,454
1.628000000e-03,315
1.630000000e-03,329
1.632000000e-03,501
1.634000000e-03,757
1.636000000e-03,995
1.638000000e-03,1145
1.640000000e-03,1128
1.642000000e-03,958
1.644000000e-03,709
1.646000000e-03,463
1.648000000e-03,316
1.650000000e-03,330
1.652000000e-03,502
1.654000000e-03,754
1.656000000e-03,999
1.658000000e-03,1143
1.660000000e-03,1126
1.662000000e-03,961
1.664000000e-03,699
1.666000000e-03,464
1.668000000e-03,318
1.670000000e-03,334
1.672000000e-03,500
1.674000000e-03,751
1.676000000e-03,999
1.678000000e-03,1146
1.680000000e-03,1128
1.682000000e-03,963
1.684000000e-03,694
1.686000000e-03,460
1.688000000e-03,314
1.690000000e-03,330
1.692000000e-03,502
1.694000000e-03,751
1.696000000e-03,996
1.698000000e-03,1142
1.700000000e-03,1130
1.702000000e-03,960
1.704000000e-03,706
1.706000000e-03,462
1.708000000e-03,315
1.710000000e-03,332
1.712000000e-03,501
1.714000000e-03,764
1.716000000e-03,1005
1.718000000e-03,1145
1.720000000e-03,1132
1.722000000e-03,960
1.724000000e-03,704
1.726000000e-03,461
1.728000000e-03,315
1.730000000e-03,333
1.732000000e-03,501
1.734000000e-03,751
1.736000000e-03,996
1.738000000e-03,1146
1.740000000e-03,1129
1.742000000e-03,962
1.744000000e-03,708
1.746000000e-03,459
1.748000000e-03,316
1.750000000e-03,323
1.752000000e-03,495
1.754000000e-03,755
1.756000000e-03,1002
1.758000000e-03,1144
1.760000000e-03,1136
1.762000000e-03,931
1.764000000e-03,709
1.766000000e-03,460
1.768000000e-03,311
1.770000000e-03,329
1.772000000e-03,501
1.774000000e-03,750
1.776000000e-03,1001
1.778000000e-03,1145
1.780000000e-03,1126
1.782000000e-03,963
1.784000000e-03,699
1.786000000e-03,456
1.788000000e-03,317
1.790000000e-03,330
1.792000000e-03,500
1.794000000e-03,754
1.796000000e-03,1000
1.798000000e-03,1147
1.800000000e-03,1129
1.802000000e-03,963
1.804000000e-03,704
1.806000000e-03,460
1.808000000e-03,314
1.810000000e-03,330
1.812000000e-03,498
1.814000000e-03,754
1.816000000e-03,1000
1.818000000e-03,1143
1.820000000e-03,1126
1.822000000e-03,960
1.824000000e-03,705
1.826000000e-03,459
1.828000000e-03,312
1.830000000e-03,331
1.832000000e-03,499
1.834000000e-03,756
1.836000000e-03,997
1.838000000e-03,1146
1.840000000e-03,1121
1.842000000e-03,964
1.844000000e-03,703
1.846000000e-03,460
1.848000000e-03,319
1.850000000e-03,337
1.852000000e-03,500
1.854000000e-03,754
1.856000000e-03,996
1.858000000e-03,1141
1.860000000e-03,1126
1.862000000e-03,963
1.864000000e-03,706
1.866000000e-03,459
1.868000000e-03,317
1.870000000e-03,328
1.872000000e-03,498
1.874000000e-03,751
1.876000000e-03,1005
1.878000000e-03,1143
1.880000000e-03,1126
1.882000000e-03,964
1.884000000e-03,702
1.886000000e-03,456
1.888000000e-03,315
1.890000000e-03,327
1.892000000e-03,495
1.894000000e-03,751
1.896000000e-03,996
1.898000000e-03,1141
1.900000000e-03,1127
1.902000000e-03,959
1.904000000e-03,708
1.906000000e-03,460
1.908000000e-03,319
1.910000000e-03,334
1.912000000e-03,497
1.914000000e-03,750
1.916000000e-03,1002
1.918000000e-03,1143
1.920000000e-03,1126
1.922000000e-03,962
1.924000000e-03,705
1.926000000e-03,461
1.928000000e-03,314
1.930000000e-03,329
1.932000000e-03,495
1.934000000e-03,756
1.936000000e-03,998
1.938000000e-03,1137
1.940000000e-03,1130
1.942000000e-03,964
1.944000000e-03,702
1.946000000e-03,460
1.948000000e-03,314
1.950000000e-03,330
1.952000000e-03,497
1.954000000e-03,756
1.956000000e-03,998
1.958000000e-03,1142
1.960000000e-03,1129
1.962000000e-03,961
1.964000000e-03,703
1.966000000e-03,456
1.968000000e-03,314
1.970000000e-03,329
1.972000000e-03,500
1.974000000e-03,755
1.976000000e-03,997
1.978000000e-03,1148
1.980000000e-03,1129
1.982000000e-03,963
1.984000000e-03,707
1.986000000e-03,458
1.988000000e-03,311
1.990000000e-03,326
1.992000000e-03,496
1.994000000e-03,752
1.996000000e-03,999
1.998000000e-03,1145
2.000000000e-03,1128
2.002000000e-03,961
2.004000000e-03,705
2.006000000e-03,454
2.008000000e-03,318
2.010000000e-03,330
2.012000000e-03,501
2.014000000e-03,755
2.016000000e-03,998
2.018000000e-03,1144
2.020000000e-03,1128
2.022000000e-03,958
2.024000000e-03,702
2.026000000e-03,456
2.028000000e-03,317
2.030000000e-03,331
2.032000000e-03,506
2.034000000e-03,763
2.036000000e-03,997
2.038000000e-03,1144
2.040000000e-03,1125
2.042000000e-03,957
2.044000000e-03,706
2.046000000e-03,460
