TimeDomain,FFT
1104,276597.18
998,117637.57
679,124.06
277,420.29
0,205.45
0,342.1
0,220.11
284,136.02
686,430.61
1010,441.94
1120,516.64
988,590.94
640,418
250,238.9
0,344.56
0,395.04
0,182.18
319,131.88
720,189.7
1003,265.36
1127,136.96
957,235.94
636,504.95
215,351.8
0,663.06
0,193.86
16,96.99
331,429.79
741,285.45
1048,118.62
1106,75.45
953,165.41
602,294.52
192,386.07
0,369.26
0,150.43
31,209.81
381,321.08
759,148.2
1073,288.7
1102,61.39
913,379.87
544,273.61
170,220.38
0,305.7
0,84.7
64,174.84
405,429.86
809,398.49
1071,296.54
1104,321.1
866,76.15
525,383.65
143,68.4
0,472.84
0,238.77
107,238.28
461,144.21
854,446.8
1088,257.87
1091,115.88
829,122.32
448,463.39
81,369.21
0,191.4
0,106.49
145,354.97
509,198.36
879,120.27
1086,518.39
1063,296.02
778,564.29
413,222.75
130,427.45
0,181.83
0,264.01
174,557.83
553,9.83
912,204.63
1115,310.36
1054,407.72
768,429.81
398,241.9
27,342.66
0,230.78
0,607
183,608.78
586,715.76
944,219.98
1119,283.32
1023,603.65
752,432.08
337,650.23
20,532.42
0,1036.32
0,123.57
246,1589.44
649,867.97
996,1584.59
1121,2199.82
1007,1131.21
685,1932.07
304,41091.8
0,154344.76
0,102736.89
0,4152.6
272,1798.52
647,1880.46
986,2026.67
1104,1314.42
983,1433.87
654,429.82
256,571.41
0,299.78
0,1067.54
0,714.72
301,202.65
699,1096.3
1015,295.36
1110,917.65
959,546.54
634,328.68
240,256.72
0,441.5
0,282.17
32,647.37
349,312.22
739,173.86
1090,282.24
1141,364.69
899,268.64
609,142.03
208,565.86
0,230.75
0,207.19
0,216.31
358,241.52
578,226.36
1003,299.63
1118,199.85
944,534.59
592,209.75
210,255.73
0,576.06
0,26
19,84.52
374,366.47
765,508
1060,539.47
1098,541.77
904,395.87
558,346.5
176,102.5
0,342.05
0,671.35
57,76.54
432,37.22
795,193.3
1065,175.19
1095,106.33
877,307.69
529,137.73
144,168.63
0,338.5
0,292.11
91,446.71
449,350.62
843,55.12
1079,287
1092,161.59
838,91.72
483,302.46
108,161.55
0,199.69
0,183.08
112,306.83
495,283.68
871,268.87
1088,265.24
1059,288.67
829,446.53
432,16.95
91,80.56
0,172.38
0,117.47
143,174.07
507,380.43
882,57.03
1115,68.12
1077,259.35
816,185.93
426,162.92
43,503.62
0,510.26
0,298.21
154,208.87
589,254.52
832,585.01
1058,902.87
1072,356.57
784,213.89
391,430.98
48,430.46
0,570.96
0,400.88
178,1605.32
563,9050.84
913,9492.33
1110,1528.61
1042,59.31
751,285.75
369,593.42
15,446.15
0,327.02
0,199.25
242,93.45
627,52.7
977,348.61
1133,331.21
1011,252.85
699,209.89
296,168.26
0,254.53
0,305.81
0,375.77
258,494.19
657,547.02
986,258.84
1105,285.73
996,191.51
647,112.96
269,136.92
0,462.92
0,38.42
0,325.83
288,455.28
688,115.18
997,146.54
1167,502.69
964,243.53
624,195.32
226,398.58
0,329.37
0,712.61
0,525.92
348,437.38
749,258.78
1023,311.21
1125,218.59
930,284.2
594,288.63
207,317.98
0,546.03
0,218.3
38,133.07
366,52.2
751,311.11
1037,457.26
1129,170.6
923,117.62
567,300.71
178,80.45
0,133.34
0,151.7
41,287.56
414,223
801,134.66
1062,384.18
1078,385.18
886,373.45
511,286.83
137,144.21
0,353.49
0,230.64
78,164.14
464,354.35
823,431.61
1067,312.2
1090,29.83
867,255.79
496,258.5
115,236.56
0,104.73
0,251.64
106,317.22
469,402.19
798,106.63
1081,86.66
1074,88.76
832,329.21
442,161.27
87,92.2
0,386.21
0,339.28
128,141.75
485,264.16
873,115.64
1105,103.81
1072,288.99
799,260.84
432,440.86
64,939.06
0,537.98
0,350.3
144,180.23
526,215.64
912,183.23
1097,311.83
1059,813.93
783,4866.81
394,7016.43
37,1670.93
0,390.65
0,180.48
177,58.5
591,21.21
931,144.29
1104,436.74
1046,957.52
763,446.05
347,57.48
6,193.58
0,473.45
0,349.79
208,332.92
617,68.97
963,99.94
1104,218.58
1008,260.07
695,407.43
283,397.6
0,148.2
0,160.18
0,226.28
277,102.07
665,434.28
986,221.35
1120,314.65
982,381.36
675,267.78
284,21.98
0,248.09
0,359.22
0,61.9
311,135.96
702,277.91
1010,326.34
1132,287.42
947,246.97
623,265.04
224,426.51
0,210.5
0,144.34
5,114.05
417,57.19
737,172.04
987,262.47
1105,304.35
944,215.88
586,228.68
208,117.39
0,303.76
0,90.89
21,344.83
385,167.35
763,112.64
1043,135.4
1095,159.35
899,119.37
562,194.66
165,189.52
0,137.52
0,170.24
73,195.41
416,62.72
821,199.03
1059,158.01
1104,227.22
873,239.34
483,163.34
135,174.49
0,280.9
0,350.86
107,259.01
470,131.98
842,83.83
1088,260.26
1081,314.92
846,205.45
466,125.12
96,127.87
0,195.4
0,258.29
123,315.3
497,321.93
880,131.15
1107,308.15
1054,334.87
810,475.01
430,342.31
57,157.16
0,316.29
0,252.68
163,225.16
530,691.32
900,580.51
1139,447.61
1045,254.82
779,339.02
394,394.91
43,370.65
0,184.87
0,2126
174,5276.04
578,2394.54
926,266.4
1115,215.23
1022,550.3
752,509.43
368,376.69
30,211.87
0,151.32
0,342.37
208,427.53
592,275.27
945,189.32
1122,64.8
1066,140.85
734,201.69
334,444.92
13,275.33
0,229.14
0,234.61
242,233.07
629,129.08
963,169.91
1132,245.44
976,278.29
689,73.02
309,388.11
0,654.19
0,279.16
0,71.57
253,74.62
659,43.3
981,146.55
1125,287.39
1002,219.76
669,138.74
271,171.26
0,135.72
0,273.21
0,245.88
266,352.36
688,409.69
992,369.19
1122,244.48
982,254.99
654,159.78
274,115.2
0,303.51
0,221.13
0,389.21
299,344.51
689,399.65
1002,244.24
1119,81.7
969,114.84
640,31
253,134.74
0,262.76
0,125.6
0,349.4
320,257.03
709,155.23
1011,417.06
1111,307.7
951,87.21
597,185.59
173,344.43
0,395.13
0,385.75
7,253.11
358,258.12
736,137.1
1008,139.58
1111,83.41
947,1.84
547,172.74
189,291.43
0,180.83
0,59.15
39,408.13
380,322.97
781,90.78
1042,126.47
1114,47.46
899,213
534,291.71
157,307.34
0,237.86
0,169.4
54,143.57
413,66.36
813,69.84
1023,169.75
1098,406.44
881,1128
526,1657.37
139,444.5
0,165.82
0,215.76
0,276559.94
121,118059.59
497,255.93
876,468.23
1088,347.74
1076,497.74
839,79.69
448,122.8
76,288.57
0,569.93
0,181.63
146,144.42
537,304.36
880,455.53
1109,360.26
1069,186.24
816,221.17
416,244.85
64,126.87
0,67.41
0,70.08
155,372.56
545,290.51
917,14.38
1103,250.49
1047,76.05
781,170.99
334,201.17
18,392.8
0,418.33
0,121.06
202,120.18
573,155.64
931,370.82
1121,254.8
1023,253.53
737,234.36
345,24.61
0,297.57
0,128.39
0,152.74
227,114.04
601,158.29
959,86.48
1110,176.74
1008,290.25
703,424.94
319,426.44
49,158.2
0,359.41
0,55.29
259,88
640,406.59
976,65.47
1129,156.44
992,365.92
698,215.56
275,155.06
0,251.55
0,152.27
0,526.04
283,148.93
677,239.5
994,104.83
1089,242.17
966,88.74
658,536.49
255,149.98
0,262.28
0,411.93
0,94.54
305,246.15
704,118.79
1034,72.92
1104,152.12
959,422.11
641,363.26
218,372.16
0,255.31
0,182.26
0,530.26
323,257.93
709,329.9
1008,545.82
1127,344.33
954,386.77
620,209.39
211,595.41
0,625.38
0,475.73
16,914.59
334,347.23
742,366.97
1035,551.91
1095,1770.96
907,605.44
587,703.21
215,1067.02
0,46.14
0,1281.45
26,1383.44
375,1566.54
757,40550
1031,155527.68
1101,101374.7
916,5918.86
579,1815.71
176,1347.38
0,854.82
0,1434.07
62,186.8
394,640.52
801,1248.58
1061,435.72
1090,688.24
886,327.49
496,746.92
157,221.41
0,358.13
0,451.23
52,287.77
442,229.31
807,714.19
1067,429.92
1082,187.49
865,586.39
501,37.24
130,247.93
0,349.43
0,366.62
81,137.73
457,200.59
818,189.39
1077,85.14
1082,294.58
854,409.59
483,332.05
131,432.29
0,376.77
0,162.83
102,249.93
464,359.27
848,71.96
1089,180.63
1086,394.35
842,36.48
458,225.6
98,92.7
0,466.62
0,501.46
116,232.72
487,51.68
861,208.39
1088,134.52
1072,310.24
822,340.46
448,330.17
93,253.27
0,50.1
0,319.83
196,179.84
503,301.78
833,78.31
1098,210.09
1059,123.53
800,135.94
432,284.69
62,296.06
0,260.42
0,282.16
159,200.69
560,180.95
912,369.2
1102,111.07
1044,33.34
745,65.8
374,185
35,208.01
0,83.65
0,188.96
197,40.32
589,32.09
931,162.93
1104,202.61
1008,115.83
748,92.37
331,184.36
1,75.44
0,49.27
0,127.48
225,348.76
618,173.95
961,302.36
1115,318.81
1022,442.83
715,374.9
315,252.5
0,132.06
0,937.9
0,201.24
272,266.8
619,86.96
971,331.08
1107,240.09
983,518.42
663,1474.87
262,9484.76
0,8841.74
0,1078.6
0,546.8
304,319.32
688,194.69
1008,527.98
1119,141.18
947,238.71
615,439.95
165,354.97
0,291.54
0,114.81
9,270.48
336,258.87
720,199.09
1018,267.27
1101,133.64
946,273.37
624,344.25
237,305.27
0,254.59
0,428.9
9,509.58
335,165.6
750,206.73
1050,289.68
1106,402.24
933,223.42
589,288.79
193,87.48
0,142.69
0,265.48
35,352.49
367,327.37
763,70.91
1055,384.32
1088,316.88
910,211.99
560,263.45
169,451.08
0,277.36
0,235.52
28,277
390,145.56
787,204.95
1072,309.45
1110,87.02
885,212.4
503,172.91
139,25.84
0,150.44
0,163.66
82,229.46
448,194.36
818,298.37
1072,389.11
1091,308.82
879,206.62
481,178.28
117,440.82
0,137.48
0,35.89
105,37.84
478,19.96
845,115.83
1091,26.52
1082,101.79
830,128.77
466,317.99
80,281.49
0,226.05
0,168.47
147,151.88
497,111.87
859,90.35
1088,368.07
1075,362.81
812,122.5
442,245.93
53,54.47
0,356.5
0,309.06
138,298.58
545,52.15
890,120.69
1104,171.54
1059,143.32
796,144.4
400,261.13
48,168.17
0,238.39
0,301.23
178,246.17
581,196.33
950,540.01
1105,556.49
1059,150.84
748,306.06
370,175.66
7,335.39
0,274.89
0,406.2
208,5016.42
621,7121.38
951,1889.95
1106,451
1018,332.28
722,321.31
334,48.24
0,131.15
0,173.58
0,400.3
235,455.54
624,83.09
972,341.67
1117,313.18
1013,196.88
720,55.36
325,183.64
0,12.04
0,92.41
0,278.68
265,232.72
660,102.03
992,52.97
1120,226.62
995,131.22
685,278.12
276,284.65
0,310.3
0,124.03
0,174.21
285,112.34
669,159.81
986,236.51
1115,201.06
975,119
649,65.93
249,200.5
0,115.36
0,146.47
0,296.07
320,364.42
703,180.98
999,244.06
1113,412.77
960,180.35
587,83.69
225,242.22
0,128.34
0,353.99
10,299.22
354,107.24
731,140.58
1040,426.24
1107,534.67
942,263
595,311.13
199,467.17
0,245.35
0,258.21
16,282.51
391,215.48
759,312.82
1042,293.79
1089,135.61
929,157.9
535,285.32
177,195.78
0,230.81
0,70.18
66,408.68
403,425.57
806,160.7
1072,192.27
1082,265.4
877,222.97
528,212.18
137,361.96
0,338.96
0,113.37
79,26.88
442,210.03
835,196.86
1074,194.29
1081,334.36
847,219.77
480,105.94
114,249.24
0,47.51
0,428.38
107,325.57
487,369.83
851,233.45
1104,127.09
1067,192.59
835,201.29
448,429.03
89,412.49
0,129.84
0,183.99
92,55.01
511,372.72
933,241.66
1093,302.01
1072,2214.16
814,4796.13
414,1963.67
53,255.77
0,268.59
0,309.21
176,381.73
560,63.05
931,152.91
1114,350.03
1040,187.73
754,324.15
373,261.47
28,284.65
0,340.08
0,89.86
199,204.16
598,284.66
934,39.32
1115,170.3
1023,311.84
726,357.51
325,257.45
1,170.32
0,88.99
5,251.29
240,446.55
634,469.53
969,320.02
1121,84.05
1005,125.02
694,145.04
291,67.59
0,162.31
0,138.73
0,146.2
279,267.13
678,283.91
995,429.4
1106,293.6
976,43.15
656,175.46
257,155.82
0,145.93
0,189.43
0,350.47
318,167.32
657,128.34
1023,193.6
1079,99.36
970,185.4
611,42.54
231,302.17
0,244.94
0,80.84
16,270.78
346,380.05
754,74.89
1023,417.84
1104,446.77
938,237.11
587,146.4
208,133.4
0,134.79
0,246.58
27,138.73
368,337.45
766,102.99
1059,125.9
1119,167.27
917,290.42
576,323.63
182,429.99
0,133.86
0,193.15
48,429.53
401,433.36
790,231.22
1058,59.08
1104,146.44
890,96.85
509,244.89
162,134.47
0,303.77
0,360.36
58,185.43
400,67.63
817,289.95
1070,134.6
1094,179.2
897,57.71
509,295.72
131,430.77
0,285.34
0,171.29
87,1719.84
467,2319.64
846,535.95
1082,352.95
1087,469.43
0,276378.85
0,118161.38
230,202.63
625,168
979,139.35
1121,242.98
1010,172.59
702,342.18
325,466.09
0,511.92
0,227.74
0,143.05
240,252.23
650,277.74
987,241.28
1106,42.18
997,194.72
681,62.45
272,96.76
0,580.8
0,231.42
0,243.54
304,235.67
691,363.94
997,444.73
1262,365.14
971,305.97
633,140.39
241,456.08
0,267.36
0,288.27
0,129.4
341,311.37
715,408.59
1039,210.49
1117,120.29
965,264.14
633,170.88
235,134.61
0,264.33
0,145.09
0,320.54
320,80.98
720,422.8
1037,325.45
1106,136.74
961,257.59
593,329.24
192,255.64
0,164.7
0,224.66
32,517.63
363,227.25
751,239.27
1041,94.09
1104,298.61
944,92.83
586,142.3
198,339.86
0,405.04
0,259.03
48,20.63
387,374.37
800,54.9
1059,559.78
1092,413.59
901,575.52
528,116.54
162,571.37
0,243.05
0,547.32
48,121.58
418,322.31
822,497.18
1062,140.71
1104,431.22
871,135.74
528,677.11
163,282.04
0,393.4
0,320.5
78,83.52
435,322.83
806,516.68
1081,320.35
1091,339.12
849,661.13
464,369.26
141,1136.26
0,405.82
0,990.74
80,312.9
457,436.34
842,1234.3
1062,1244.43
1071,1687.13
849,935.29
470,649.16
106,1651.57
0,1943.37
0,1190.92
119,3451.52
475,32073.97
863,150459.58
1087,110819.39
1042,11129.99
846,2181.9
439,2275.96
75,610.61
0,676.37
0,1585.5
145,1069.5
532,486.64
880,1224.85
1105,380.13
1078,645.28
793,627.37
350,208.62
46,913.16
0,104.39
0,669.35
183,240.81
577,564.93
921,331.3
1107,449.68
1038,319.08
783,387.05
375,158.34
34,420.88
0,357.43
0,275.57
214,612.05
602,351.3
947,703.57
1124,335.8
1023,401.65
714,275.14
330,420.36
15,689.4
0,335.06
0,620.47
240,518.87
614,383.56
965,19.61
1115,357.04
988,61.92
698,228.63
306,340.65
0,245.7
0,251.76
0,468.68
269,121.41
663,206.32
993,202.42
1125,98.21
985,243.63
638,134.77
273,238.01
0,372.33
0,495.25
0,221.98
304,285.54
607,278.1
1058,124.82
1117,93.66
965,199.62
643,207
251,367.44
0,460.19
0,177.59
0,327.1
320,308.5
704,307.92
1002,136.12
1115,161.59
965,330.53
640,187.48
247,22.67
0,241.1
0,231.08
3,143.56
357,91.36
730,99.54
1043,64.34
1114,163.75
943,97.37
587,109.7
209,504.58
0,415.28
0,47.34
27,226.49
404,492.56
779,181.83
1040,230.81
1060,78.46
922,59.65
499,218.48
173,897.99
0,957.04
0,282.7
64,249.75
415,589.32
796,310.3
1057,324.16
1095,497.09
879,728.14
497,8251.14
129,9998.2
0,2221.27
0,457.65
80,339.07
448,271.29
847,170.4
1093,357.28
1088,173.04
850,214.75
451,260.49
115,222.08
0,296.63
0,146.5
103,153.91
482,56.22
849,56.96
1071,244.41
1081,93.12
733,139.87
436,188.45
80,253.08
0,164.16
0,186.03
159,130.39
529,261.61
907,137.91
1113,158.48
1072,310.87
800,202.54
412,287.28
50,311.78
0,140.63
0,74.27
178,49.06
541,136.25
903,183.69
1104,202.93
1037,424.8
773,214.92
390,125.2
21,219.24
0,118.84
0,308.94
203,375.13
592,508.47
950,278.21
1118,43.47
1033,122.78
701,288.84
351,132.81
18,144.15
0,208.15
0,116.1
230,299.35
610,287.39
959,96.22
1102,71.79
1013,61.26
701,272.55
311,309.1
0,167.26
0,210.01
0,223.09
262,181.14
645,211.98
978,205.19
1111,86.39
998,310.46
686,156.22
299,142.8
0,157.29
0,150.31
0,158.02
272,252.54
657,289.43
970,290.08
1121,437.39
978,482.93
693,101.83
255,262.13
0,218.58
0,143.95
0,83.45
304,90.06
653,247.51
1072,224.05
1113,178.37
992,172.4
622,40.35
240,156.34
0,152.02
0,228.68
0,229.01
347,444.84
720,461.49
1039,230.21
1121,345.85
944,108.84
601,185.61
194,69.72
0,222.85
0,738.93
17,3314.31
370,7258.99
774,3214.71
1045,483.17
1104,258.99
921,130.29
560,303.07
174,261.59
0,258.23
0,406.01
48,148.23
405,142.61
803,166.88
1045,230
1106,132.21
887,144.21
507,99.89
114,342.96
0,414.44
0,81.88
96,167.68
459,194.46
815,314.53
1086,206.77
1082,122.69
858,211.04
478,85.38
93,112.88
0,230.36
0,56.91
119,143.45
492,361.6
890,258.97
1077,217.22
1072,153.32
798,70.95
423,172.46
69,189.53
0,200.3
0,305.88
160,173.32
554,208.5
891,139.11
1103,36.25
1047,66.21
779,204.92
387,298.14
25,104.84
0,198.87
0,344.57
195,200.68
611,170.19
947,96.74
1101,309.98
1014,153.94
703,149.81
348,233.9
3,333.69
0,214.93
0,327.9
228,207.61
627,172.12
976,198.17
1115,151.11
1004,156.42
693,194.83
303,303.3
0,205.06
0,306.26
0,370
282,273.59
673,56.94
988,226.96
1119,232.73
975,54.39
645,192.37
259,130.99
0,178.18
0,104.7
0,51.11
334,221.11
714,427.72
1036,252.77
1115,84.31
944,150.53
618,276.1
217,357.76
0,152.76
0,263.31
29,35.7
355,262.37
759,248.49
1053,195.06
1103,356.13
925,523.07
571,852.63
192,608.01
0,514.97
0,320.19
45,57.95
379,269.7
784,470.35
1084,388.09
1095,1093.96
894,4554.88
544,2827.91
210,749.97
0,469.41
0,337.57
53,216.79
425,146.58
811,212.58
1103,132.44
1095,639.61
879,363.33
505,187.5
135,120.86
0,139.94
0,279.56
77,492.28
448,167.66
834,220.84
1086,190.69
1075,156.53
851,386.32
435,181.94
90,581.08
0,347.18
0,41.47
112,110.84
509,106.39
840,187.34
1088,396.88
1023,378.41
832,212.37
435,40.34
72,217.6
0,356.15
0,186.23
137,149.55
529,218.45
907,122.3
1099,211.89
1062,124.84
773,258.24
379,369.17
55,216.85
0,156.41
0,291.47
233,416.51
595,364.21
944,163.02
1122,154.75
1023,327.8
710,421.41
317,138.54
0,188.69
0,292.16
0,186.84
257,227.95
659,36.06
976,147.07
1118,206.38
972,329.56
692,434.52
305,168.48
0,244.72
0,292.24
0,63.19
253,163.68
605,243.4
977,269.73
1104,275.65
986,204.89
674,204.01
269,180.82
0,186.86
0,237.36
0,48.65
317,246.31
708,82.31
1017,45.24
1126,125.93
987,85.66
634,252.11
235,239.22
0,187.48
0,163.46
16,94.08
331,114.4
716,265.3
1023,188.39
1130,339.68
948,282.1
626,486.95
234,335.62
0,88.51
0,643.1
9,2270.92
357,1732.47
743,273.78
1043,417.17
1102,293.28
0,276752.76
0,118359.25
71,202.86
403,153.69
801,475.42
1063,79.54
1098,247.49
889,267.32
544,340.85
125,493.78
0,69.25
0,79.42
81,134.81
451,286.59
832,295.77
1091,269.35
1118,385.74
858,273.99
401,171.77
156,370.42
0,384.84
0,565.16
112,136.69
496,102.17
869,307.76
1082,343.36
1089,45.86
828,229.16
436,489.68
80,106.07
0,184.72
0,194.58
146,44.23
511,360.09
879,194.22
1113,342.75
1042,252.17
795,140.84
400,218.06
61,60.59
0,170.28
0,127.37
182,234.03
567,430.29
918,123.87
1094,350.17
1040,363.82
755,417.45
379,356.01
28,290.59
0,441.15
0,520.69
205,370.47
614,237.78
959,376.44
1106,152.57
1034,215.18
733,414.57
343,230.77
4,585.15
0,101.9
0,368.23
239,479.37
637,301.02
976,378.18
1129,210.37
1015,547.15
691,263.34
313,51.74
0,432.32
0,142.77
0,264.63
259,355.82
666,117.41
977,339.42
1113,317.31
1102,229.72
678,233.72
273,168.4
0,562.78
0,364.15
0,287.75
304,479.45
687,213.32
1021,557.19
1125,115.87
976,1039.16
619,586.79
251,146.28
0,750.58
0,163.35
0,489.08
334,480.05
724,511.33
1023,688.64
1113,1515.79
931,119.49
605,1068.57
201,540.42
0,667.52
0,1293.27
30,558.72
396,39737.59
793,154442.41
1053,103927.82
1099,5069.06
897,414.13
538,684.95
132,515.71
0,1381.7
0,535.53
61,1639.68
411,430.65
801,255.58
1063,584.36
1091,318.16
883,477.94
496,549.08
129,535.29
0,613.7
0,380.13
80,125.83
445,619.09
816,349.52
1087,767.07
1092,475.55
887,522.78
510,516.73
123,176.61
0,153.98
0,121.68
83,609.65
450,354.13
828,384.11
1081,319.64
1101,159.53
865,504.7
482,122.14
109,347.32
0,491.48
0,160.86
71,112.75
493,259.12
843,385.3
1099,175.46
1074,323.62
833,160.98
461,122.98
97,235.42
0,339.65
0,296.17
144,375.39
528,528.12
886,126.05
1099,430.36
1057,300.59
771,159.7
416,380.64
48,371.31
0,30.13
0,431.61
196,389.21
560,358.33
912,165.73
1104,125.73
1033,138.97
757,134.66
354,204.39
38,438.42
0,247.92
0,166.39
221,152.99
587,472.98
948,429.77
1104,192.53
1040,30.76
727,233.22
313,244.7
0,134.96
0,122.59
0,134.08
239,341.42
647,164.83
978,173.81
1120,125.09
1006,254.09
693,128.4
291,83.74
0,47.95
0,210.35
0,449.91
278,454.63
677,40.35
992,319.82
1127,143.14
981,114.79
643,342.87
243,678.62
0,1119.14
0,174.45
0,211.89
307,164.13
705,470.12
1011,266.86
1106,158.14
945,1271.81
617,9368.37
217,9539.42
0,1052.47
0,588.97
16,211.84
338,65.57
750,166.03
1040,327.22
1103,445.3
927,446.83
565,108.18
160,262
0,183.48
0,160.49
17,166.57
384,275.52
771,272.75
1041,350.81
1104,202.71
912,404.49
544,177.14
171,202.87
0,221.25
0,42.4
55,14.38
432,165.64
801,223.86
1072,163.19
1088,150.38
883,117.86
498,255.72
144,260.85
0,171.48
0,204.03
79,234.64
453,138.18
828,76.02
1084,407.65
1098,282.68
854,232.53
325,206.34
105,323.25
0,362.38
0,211.28
124,99.04
479,141.77
856,165.66
1088,84.9
1070,97.48
816,85.38
429,40.55
66,317.52
0,151.64
0,313.48
142,429.14
496,368.06
868,149.82
1106,105.01
1074,194.82
799,146.7
425,206.28
64,177.77
0,277.29
0,18.61
166,209.53
563,158.96
918,252.85
1138,192.73
1056,326.09
763,101.49
368,241.19
34,414.24
0,419.69
0,160.43
208,363.2
605,221.94
938,306.78
1103,244.24
1015,237.82
729,264.04
341,90.45
0,180.35
0,216.13
0,316.49
233,267.09
608,56.88
967,145.92
1104,247.41
1009,315.72
688,272.26
304,286.4
0,124.84
0,244.49
0,188.62
266,433.12
691,477.62
973,654.5
1237,163.87
978,249.45
656,321.07
272,428.8
0,149.71
0,353.11
0,4678.61
301,7118.37
688,1907.56
998,204.9
1110,170.39
973,81.49
630,431.91
246,535.94
0,309.35
0,409.2
4,339.21
336,26.81
735,161.69
1023,285.97
1147,387.68
944,355.3
603,322.95
208,363.93
0,290.71
0,125.86
21,393.17
384,216.99
764,126.22
1043,140.4
1085,147.35
897,34.31
543,95.59
163,214.11
0,180.35
0,128.36
64,217.03
407,72.3
793,146.66
1053,178.49
1103,328.73
912,487.74
544,309.03
151,380.79
0,314.3
0,74.76
74,249.12
445,181.7
839,103.41
1072,224.33
1052,281.84
891,88.83
485,178.57
122,80.19
0,25.12
0,221.19
94,245.17
449,284
849,185.25
1138,204.98
1079,236.2
882,97.3
483,219.79
115,246.48
0,137.82
0,183.75
112,338.43
483,352.43
879,55.16
1104,152.95
1073,188.6
820,189.46
452,158.79
80,153.43
0,91.4
0,157.7
117,50.72
511,153.45
893,329.65
1093,95.32
1083,269.38
806,271.77
418,54.39
48,251.39
0,348.38
0,472.4
175,135.98
551,116.95
923,105.58
1088,233.18
1072,245.05
771,270.66
386,96.96
34,277.66
0,300.71
0,326.8
145,425.07
557,305.67
925,273.28
1103,310.21
1045,141.86
753,665.12
353,709.32
33,102.02
0,196.89
0,196.54
209,213.83
619,252.93
967,246.39
1113,2051.83
1018,4895.87
708,2287.25
308,34.24
0,112.97
0,97.84
0,118.04
260,465.18
645,386.87
989,510.77
1181,660.84
996,338.67
663,358.93
290,322.71
0,231.75
0,266.55
0,200.81
295,57.54
691,150.79
1009,236.45
1104,140.1
951,382.27
643,250.32
239,87.18
0,68.14
0,109.68
6,296.62
319,152.56
721,232.17
1023,251.82
1115,92.62
963,151.39
624,15.47
243,197
0,182.42
0,132.13
5,239.83
347,211.24
735,158.01
1037,211.39
1105,205.15
931,113.26
586,294.78
182,428.09
0,421.31
0,316.85
55,59.91
400,275.24
784,102.41
1055,211.23
1097,167.28
897,228.29
528,163.03
144,258.53
0,265.53
0,135.77
80,148.17
437,417.16
825,158.03
1059,183.12
1099,257.53
871,313.73
499,132.31
131,276.41
0,199.46
0,356.14
105,336.82
478,20.3
847,101.34
1089,129.92
1062,350.15
816,331.05
460,111.56
115,161.2
0,70.35
0,272.09
151,334.86
477,148.52
855,265.05
1094,367.26
1088,198.01
831,92.36
442,111.49
45,67.79
0,240.43
0,360.13
140,370.29
511,182.45
880,249.81
1104,182.69
1059,164.43
790,112.07
432,178.62
62,266.44
0,363.59
0,1451.78
175,1676.45
550,254.89
894,117.42
1121,211.13
14,276713.54
0,118018.96
0,362.02
190,90.76
576,115.97
929,421.19
1104,85.15
1033,222.6
737,415.59
368,298.45
15,166.16
0,228.62
0,222.77
210,332.62
619,176.93
961,390.57
1118,161.04
1015,111.72
730,160.4
337,224.89
0,361.47
0,342.26
0,150.06
240,407.45
625,28.87
987,178.38
1104,405.39
917,101.22
688,186.14
299,228.42
0,408.95
0,65.13
0,348.47
287,72.29
658,92.89
1004,209.1
1126,116.67
972,146.96
639,356.97
264,142.48
0,354.63
0,225.62
0,129.31
308,606.4
701,308.44
1035,55.22
1109,508
959,275.33
609,217.67
247,377.49
0,167.4
0,213.49
0,327.74
352,392.8
741,297.63
1023,423.64
1105,300.41
929,133.49
599,69.22
208,469.89
0,217.47
0,373.28
29,326.12
384,393.39
767,456.96
1045,166.15
1089,609.69
912,265.17
583,398.87
165,267.05
0,511.79
0,314.51
48,474.05
400,352.28
800,342.52
1072,217.33
1118,406.89
901,862.78
547,202.64
131,586.51
0,161.35
0,356.56
107,527.18
451,373.42
769,859.39
1168,430.11
1086,1075.25
841,465.85
485,610.97
112,458.8
0,125.53
0,866.5
112,1083.01
491,930.61
837,71.47
1090,1071.72
1069,1561.71
835,1812.66
465,708.28
64,1081.29
0,1279.33
0,2164.26
133,36961.95
503,151284
883,108706.81
1104,4729.93
1067,1786.17
823,811.58
406,1028.23
64,1083.87
0,1735.41
0,1205.89
145,728.07
544,1071.06
907,527.91
1111,952.6
1072,113.17
791,531.55
394,625.15
53,447.81
0,741.5
0,257.62
203,684.41
581,74.42
930,474.71
1117,255.95
1057,326.49
755,301.3
363,406.31
26,634.45
0,591.35
0,435.25
192,262
583,493.6
957,221.42
1097,288.97
1019,309.3
745,323.05
340,328.58
13,149.4
0,117.42
0,369.1
256,79.73
560,60.65
959,348.55
1131,287.36
1039,431.84
752,304.69
304,332.82
0,350.6
0,192.18
0,153.64
287,105.95
668,374.52
991,349.54
1120,302.37
974,167.8
656,500.46
256,680.33
0,370.89
0,189.08
0,229.4
319,395.32
725,335.42
1040,146.54
1109,50.05
947,213.81
611,175.33
207,100.54
0,531.69
0,89.32
11,400.71
363,221.01
752,111.38
1035,217.38
1095,107.61
935,245.93
582,62.33
191,176.87
0,167.45
0,292.53
55,112.69
379,143.43
784,201.66
1072,100.33
1095,96.18
901,332.6
542,628.02
163,325.99
0,346.93
0,142.48
59,131.55
432,65.86
807,243.85
1079,60.52
1083,372.4
899,309.36
480,976.74
119,1072.49
0,430.53
0,448.67
98,162.72
464,437.51
836,338.25
1072,374.79
1089,1181.39
848,8285.63
489,9799.43
112,1633.06
0,319.57
0,227.93
117,247.55
506,123.79
859,196.9
1094,161.17
1073,382.33
823,451.38
429,101.09
64,308.78
0,229.01
0,55.57
133,214.45
511,174.46
874,88.93
1104,323.84
1070,237.1
813,180.42
429,158.32
51,155.05
0,11.93
0,81.64
176,257.51
545,323.14
898,210.56
1101,163.46
1039,239.04
775,94.43
370,213.59
48,140.12
0,262.95
0,187.49
195,224.22
588,356.87
930,316.8
1114,276.45
1055,178.79
752,81.91
358,163.78
15,219.3
0,87.44
0,136.19
227,289.88
624,279.76
953,108.63
1104,244.72
1015,119.44
717,247.46
306,151.12
0,86.88
0,16.28
0,205.74
257,358.5
659,278.98
978,154.62
1127,204.1
1007,105.88
673,37.2
269,168.17
0,193.2
0,23.07
0,28.52
289,166.08
695,218.74
1008,159.32
1104,236.47
974,104.47
643,81.93
256,40.26
0,274.47
0,138.39
6,222.79
340,219.32
720,85.39
1040,353.93
1126,101.68
944,49.41
610,88.43
210,65.92
0,154.31
0,197.09
13,165.32
370,468.15
750,422.73
1047,338.28
1093,210.26
926,175.7
574,254.6
196,38.25
0,106.18
0,137.82
47,458.46
407,494.99
779,282.54
1076,408.63
1103,236.89
896,359.49
528,286.65
162,84.6
0,588.1
0,3831.03
66,7414.18
422,2606.31
815,411.26
1087,89.38
1094,21.3
882,159.16
493,158.48
116,150.7
0,186.91
0,222.82
89,152.4
560,226.68
811,132.34
1077,106.23
1094,220.33
861,83.6
455,356.62
114,158.03
0,32.84
0,134.82
112,338.26
464,209.59
859,67.23
1088,62.67
1114,141.57
819,370.46
421,158.97
49,138.52
0,321.3
0,257.95
187,152.25
560,39.97
917,120.5
1113,118.9
1041,264.76
782,379.13
377,131.03
27,165.2
0,102.97
0,126.3
192,145.18
591,296.62
935,94.18
1082,315.65
1014,286.35
719,195.47
311,33.47
0,208.95
0,60.25
0,354.19
256,73.37
643,241.01
999,131.04
1095,398.48
1003,423.57
705,131.47
304,90.96
0,229.36
0,290.48
0,390.69
275,333.98
662,193.7
992,436.32
1124,352.65
985,127.18
656,267.59
275,106.1
0,303.88
0,302.13
0,124.82
297,114.95
704,139.78
1035,111.9
1104,158.42
972,273.77
615,144.42
217,63.2
0,289.34
0,257.46
0,313.34
339,254.44
751,133.2
1033,187.05
1117,136.2
941,229.89
601,238.75
192,81.53
0,44.36
0,70.89
29,330.81
351,21.03
755,72.61
1019,150.92
1073,425.28
912,386.86
577,111.82
176,233.97
0,316.82
0,211.65
54,178.89
400,205.97
806,504.21
1059,1821.03
1110,4921.79
882,2611.48
546,346.01
150,358.78
0,237.69
0,120.12
76,530.4
430,553.16
805,328.3
1078,208.21
1098,111.06
879,156.49
527,171.68
118,179.52
0,53.53
0,184.12
93,335.26
455,152.43
833,97.97
1079,205.99
1095,385.66
851,170.11
463,124.21
116,89.59
0,58.8
0,111.53
93,263.95
475,172.2
841,105.14
1083,124.13
1088,145.39
845,91.57
461,345.26
91,257.96
0,258.84
0,279.85
128,189.49
487,121.81
866,119.22
1088,205.72
1072,208.64
801,239.66
417,101.7
49,171.7
0,186.26
0,106.94
177,269.05
587,79.25
923,204.1
1088,204.13
1022,251.12
752,190.46
355,187.99
16,356.14
0,412.16
0,122.75
218,304.72
625,312.61
969,414.89
1116,248.4
1001,150.28
699,269.75
321,226.95
0,255.01
0,65.63
0,143.15
271,302.98
624,273.73
977,334.9
1107,111.34
1001,228.06
681,253.28
281,29.44
0,149.5
0,93.81
0,125.28
301,222.55
659,182.95
1007,34.94
1113,131.04
992,120.12
651,121.12
253,163.08
0,223.87
0,162.83
0,77.57
311,373.03
679,415.6
1015,424.61
1105,621.1
968,379.66
622,66.8
219,408.23
0,293.86
0,2129.39
16,1892.24
366,405.75
738,349.15
1047,291.85
177,276541.36
0,118275.08
0,372.46
22,170.87
387,271.59
771,242.48
1062,226.44
1103,43.95
898,200.28
558,712.92
158,183.1
0,276.65
0,228.32
47,208.94
423,301.59
813,103.92
1066,483.88
1082,349.46
879,259.81
508,122.37
112,189.3
0,314.68
0,207.76
80,143.16
446,374.31
830,318.27
1089,393.9
1088,191.68
873,233.87
485,25.3
105,175.07
0,224.41
0,88.58
101,170.82
448,21.99
864,264.93
1081,180.67
1077,280.69
820,298.09
452,203.99
78,147.44
0,158.73
0,155.5
134,444.98
505,218.55
880,305.97
1102,321.7
1071,277.86
796,224.23
417,159.71
49,250.76
0,525.5
0,99.73
165,156.87
562,143.09
909,433.18
1101,231.79
1058,260.74
766,185.13
382,453.39
39,220.86
0,249.67
0,667.12
197,240.06
574,305.42
921,114.86
1110,343.74
1053,196.4
768,361.38
368,260.26
19,91.99
0,378.66
0,92.06
218,485.94
619,158.84
941,423.75
1178,114.78
1010,432.08
735,298
336,244.46
8,633.16
0,376.29
0,277.1
242,252.09
640,452.55
987,231.33
1113,548.81
1021,266.57
701,685.44
329,497.04
0,597.29
0,629.62
0,396.49
253,457.71
656,1253.92
959,87.03
1115,399.2
1001,1247.47
667,2350.6
237,2104.97
0,1230.12
0,1495.46
0,38396.58
292,154007.44
689,105158.43
1007,7352.62
1104,945.92
978,1821.92
656,2225.26
243,1582.9
0,558.01
0,1050.6
0,717.36
303,460.33
688,490.08
1002,597.66
1099,509.83
954,279.84
631,602.39
229,317.49
0,478.3
0,442.73
21,489.05
375,401.83
755,248.83
1040,388.94
1109,272.48
914,365.31
566,563.26
183,468.42
0,104.85
0,25.77
55,366.78
423,220.24
784,320.1
1022,381.14
1091,268.97
888,245.45
539,376.11
137,84.7
0,378.67
0,83.15
82,323.9
446,66.84
843,256.65
1072,297.85
1081,210.14
847,205.24
479,123.42
99,496.83
0,83.83
0,240.27
119,109.77
502,144.27
874,74.15
1089,212.26
1069,246.79
828,232.38
458,372.91
94,207.25
0,408.21
0,208.13
144,171.77
528,316.25
894,261.26
1107,361.55
1063,140.4
829,258.46
435,77
54,190.36
0,81.46
0,403.93
159,279.75
574,186.48
912,170.08
1097,196.86
1056,136.3
767,150.17
393,212.09
11,97.23
0,245.35
0,95.48
176,281.72
578,105.22
931,158.5
1104,46.19
1042,118.72
734,424.79
359,237.69
0,552.18
0,334.03
0,271.07
205,251.71
614,353.48
931,179.83
1086,284.58
935,109.53
720,492.53
345,1049.26
0,246.32
0,102.62
0,683.17
241,311.2
637,185.95
984,100.56
1108,1246.05
1007,9183.89
695,9561.5
304,1767.14
0,283.55
0,251.82
0,340.85
286,558.49
678,496.39
982,96.23
1141,476.75
973,414.94
645,193.72
231,138.55
0,97.22
0,97.8
0,74.47
304,178.37
720,326.07
1007,318.36
1119,190.12
964,191.75
621,17.55
227,178.69
0,209.02
0,100.31
7,158.36
342,154.21
730,141.86
1018,289.5
1110,94.26
933,189.11
601,121.37
208,276.41
0,397.16
0,98.83
16,315.22
354,176.55
754,77.5
1013,394.95
1104,292.97
941,161.14
588,376.8
208,302.9
0,181.81
0,124.46
34,74.02
386,211.41
768,324.07
1068,128.88
1095,99.42
909,112.41
541,357.12
163,349.01
0,132.34
0,139.95
29,107.19
347,193.68
805,164.77
1071,288.12
1033,354.24
865,358.23
496,320.55
157,309.27
0,142.28
0,175.59
72,178.26
453,23.77
826,176.88
1067,310.05
1090,403.22
861,57.66
497,117.96
112,239.99
0,222.44
0,159.46
112,363.73
464,449.63
848,211.85
1081,205.06
1088,283.06
831,23.08
464,169.25
102,119.99
0,146.54
0,113.52
126,127.08
500,334.55
890,263.93
1082,129.53
1066,113.32
819,244.3
432,161.45
58,286.27
0,335.41
0,117.93
173,636.76
530,434.92
914,316.14
1101,192.59
1050,224.58
779,265.14
374,167.03
34,225.32
0,4536.11
0,7516.66
184,2296.6
582,92.85
915,43.64
1104,90.91
1038,172.46
739,104.3
346,351.91
32,524.85
0,594.28
0,475.28
211,243.53
618,217.05
951,99.31
1134,151.06
1023,96.98
723,161.96
335,314.69
0,70.97
0,230.11
4,191.22
245,167.83
639,260.89
957,218.57
1119,120.77
995,73.31
689,121.86
247,115.87
0,202.64
0,540.62
0,442.38
288,440
694,101.5
989,200.56
1122,250.05
969,144.19
640,156.71
240,175.1
0,53.47
0,113.43
3,76.1
342,56.26
711,157.69
1040,188
1102,176.76
954,214.09
611,151.14
219,293.7
0,240.81
0,5.75
17,122.23
361,102.35
754,218.71
1038,363.39
1104,194.71
934,209
592,152.88
203,113.44
0,251.92
0,233.39
45,188.91
368,97.74
814,159.66
1050,257.1
1107,159.81
896,214.74
546,164.77
155,153.1
0,142.21
0,259.54
18,203.89
434,123.83
817,178.8
1085,73.06
1090,322.31
863,331.61
496,175.28
127,159.15
0,88.56
0,344.7
111,307.05
471,67.83
851,208.52
1075,298.81
1071,138.33
827,333.22
462,454.87
87,262.69
0,225.25
0,192.59
128,146.4
529,133.32
882,169.14
1104,315.6
1061,490.35
811,505.36
422,457.16
80,220.23
0,202.75
0,384.38
163,209.47
557,221.3
915,1888.22
1106,4914.9
1059,2438.57
784,152.58
415,96.34
43,214.93
0,430.47
0,440.65
188,113.23
585,320.28
917,404.57
1111,321.04
1046,187.13
752,37.41
376,94.63
24,188.71
0,174.87
0,323.4
198,210.24
592,112.58
939,107.47
1119,249.43
1035,393.43
747,287.6
312,266.41
0,249.03
0,266.19
0,98.34
227,116.02
619,104.96
998,91.74
1122,72.53
1011,323.81
709,184.51
307,207
0,129.59
0,153.85
0,56.29
269,49.58
631,52.21
975,228.46
1121,238.48
1003,386.87
686,401.58
256,208.77
0,136.33
0,35.52
0,34.16
304,205.41
685,183.41
1001,96.21
1109,267.4
962,30.24
653,351.96
256,94.66
0,176.07
0,421.44
9,234.96
305,356.44
722,113.78
1007,240.17
1109,414.07
958,217.24
622,169.85
176,456.19
0,580.5
0,494.01
11,376.93
351,153.06
738,219.85
1047,443.05
1109,191.58
957,106.43
591,114.64
197,255.5
0,222.42
0,105.99
28,151.16
380,91.38
767,95.85
1040,143.87
1122,130.87
921,123.42
551,279.11
196,301.56
0,262.26
0,107.35
55,230.96
383,390.01
795,110.55
1060,180.27
1126,240.63
911,238.03
511,181.77
141,385.85
0,1603.75
0,1978.74
48,412.38
443,66.19
827,51.54
388,276466.26
57,117962.79
0,77.03
0,113.57
182,159.54
568,169.15
915,102.11
1109,389.01
1046,642.55
763,537.48
373,281.86
16,107.71
0,116
0,96.23
221,104.41
617,142.34
949,370.86
1231,164.89
1018,258.57
732,552.68
351,105.28
18,43.29
0,76.74
0,262.26
230,37.25
613,158.6
959,178.38
1100,469.62
1014,302.67
713,149.27
323,361.26
0,169.77
0,75.02
0,421.35
248,293.44
640,196.29
978,221.19
1117,178.23
1008,350.22
674,281.21
289,260.1
0,242.68
0,160.7
0,341.78
285,145.38
682,270.4
989,234.11
1115,515.06
974,544.27
650,330.32
242,35.3
0,169.41
0,248.97
0,139.17
333,365.93
703,321.61
1022,262.02
1110,188.01
931,198.9
611,241.04
225,370.8
0,256.12
0,527.27
0,435.21
366,156.11
747,127.68
1022,385.34
1104,341.26
930,129.36
583,525.03
193,83.15
0,327.02
0,220.54
41,392.91
351,433.75
747,431.8
1042,174.07
1106,267.1
935,157.42
581,670.94
171,336.11
0,447.81
0,683.9
27,561.26
370,83.59
784,778.38
1069,426.89
1075,376.69
909,664.96
557,368.34
151,742.05
0,1573.44
0,530.73
75,1267.33
415,1529.42
816,1984.65
1074,961.91
1093,1051.67
829,481.33
467,1806.92
137,2244.76
0,3790.22
0,32132.81
82,150471.29
439,110654.95
832,11128.22
1072,3079.15
1101,981.69
850,182.51
464,1720.22
93,1266.88
0,1711.87
0,1082.35
119,1696.87
497,517.87
866,1666.61
1088,568.35
1067,657.05
839,523.65
432,371.26
64,438.5
0,657.47
0,375.43
176,272.24
537,614.14
907,137.27
1111,319.94
1063,556.15
784,381.86
392,425.6
50,726.55
0,98.85
0,127.99
193,465.39
589,174.79
944,223.94
1092,198.02
1040,300.98
747,137.78
341,423.54
9,83.13
0,157
0,195.92
250,544.7
619,171.73
957,212.34
1116,463.61
1005,211.28
704,267.68
321,246.17
0,316.21
0,289.1
0,341.66
252,154.49
651,327.57
974,91.06
1119,256.92
1006,154.28
670,122.4
294,567.41
0,289.51
0,381.84
0,272.96
293,295.78
677,254.12
1008,508.97
1104,408.79
975,206.93
639,145.19
243,199.98
0,339.68
0,66.71
0,169.02
329,433.37
737,360.8
1019,373.94
1119,74.27
958,153.31
621,246.55
232,296.4
0,135.82
0,295.77
11,53.49
306,118.58
736,326
1033,413.57
1109,369.96
945,83.83
575,256.21
213,327.88
0,110.47
0,59.73
31,362.18
381,280.15
773,175.69
1050,446.76
1063,409.12
848,1003.36
540,877.25
144,57.69
0,429.12
0,245.5
74,592.03
421,156.18
803,258.35
1078,485.94
1104,8100.81
878,10021.67
493,2567.08
132,504.35
0,144.88
0,408.97
93,352.88
477,26.64
814,112.04
1099,229.3
1081,168.08
826,255.72
418,365.3
77,419.47
0,253.94
0,125.97
139,152.28
553,286.09
893,386.37
1087,158.88
1059,150.06
795,124.93
401,271.62
44,118.67
0,132.92
0,270.15
183,359.13
554,91.32
916,147.63
1118,26.39
1031,206.21
752,220.29
369,321.35
22,373.72
0,80.55
0,75.01
238,116.9
614,193.73
953,492.92
1111,101.97
1023,395.88
717,164.54
334,227.25
0,364.62
0,191.4
0,62.68
240,49.61
624,180.57
970,270.11
1107,84.34
1015,229.71
705,246.67
310,186.12
0,117.01
0,115.02
0,129.11
263,227.18
656,289.49
978,162.29
1099,155.1
988,209.07
666,451.73
261,332.11
0,173.27
0,184.11
0,30.31
287,216.39
687,100.58
989,54.61
1114,47.54
961,335.89
645,282.75
254,75.69
0,312.98
0,151.17
0,142.45
320,60.03
704,191.18
1002,184.62
1127,396.73
971,306.96
642,42
254,88.72
0,398.12
0,252.09
54,501.32
335,548.49
720,84.09
1038,326.79
1111,226.96
938,205.23
592,242.75
221,342.45
0,126.63
0,401.98
19,389.12
368,144.2
752,111.19
1043,484.75
1118,347.93
915,329.92
583,340.99
183,357.81
0,3415.37
0,6937.67
62,2661.68
389,480.56
707,471.29
1051,162.49
1086,242.26
902,71.51
544,38.09
144,140.97
0,355.99
0,383.84
66,390.55
429,403.02
830,500.14
1078,308.18
1100,192.08
845,279.44
475,49.5
128,402.53
0,301.86
0,234.41
105,312.61
450,196.59
830,233.52
1088,277.29
1088,280.97
862,393.29
448,409.27
128,262.56
0,110.95
0,225.4
112,244.93
481,231.56
852,153.61
1091,258.4
1090,359.85
827,81.02
446,110.02
80,248.66
0,98.35
0,315.43
121,291.81
524,79.68
865,267.13
1108,250.66
1075,463.86
819,257.65
445,119.75
63,199.77
0,366.51
0,268.23
160,93.72
528,165.37
891,378.71
1104,246.53
1050,181.51
763,371.48
403,21.75
38,254.95
0,552.61
0,403.9
186,52.12
574,223.29
934,97.41
1108,120.63
1034,59.13
689,106.32
334,142.43
0,100.1
0,170.95
0,163.57
234,202.08
625,166.71
939,327.92
1118,327.85
1003,271.39
710,561.69
310,272
0,55.32
0,29.2
0,143.14
272,445.07
685,442.68
979,168.86
1145,312.32
993,258.16
647,107.11
272,70.99
0,167.61
0,222.92
0,332.35
303,228
687,203.96
1008,362.65
1087,736.55
971,636.24
640,142.8
245,195.39
0,247.49
0,291.55
3,492.98
345,418.19
743,1153.18
1019,4887.14
1117,3311.12
950,598.86
591,374.02
208,440.64
0,108.13
0,430.75
31,356.19
355,177.71
754,351.17
1062,543.25
1107,589.67
922,273.48
565,398.1
192,255.92
0,251.19
0,345.76
30,175.27
386,194.44
799,112.1
1074,96.26
1104,275.22
894,122.19
511,218.18
152,333.74
0,136.98
0,76.04
85,478.57
443,84.48
816,256.52
1073,251.75
1062,171.44
869,168.43
478,266.81
99,266.47
0,208.23
0,220.46
138,472.1
503,197.79
873,278.32
1105,200.49
1073,130.75
800,322.15
427,446.34
63,273.59
0,360.47
0,229.23
176,445.7
541,368.71
903,188.08
1116,69.63
1059,142.05
775,73.55
371,217.53
18,167.5
0,230.97
0,257.71
210,86.18
603,167.36
975,409.84
1094,203.82
1040,295
731,495.75
341,215.77
2,219.07
0,378.12
0,276.58
227,63.16
623,171.92
963,287.85
1118,396.74
1015,151.42
687,168.45
313,69.1
0,205.02
0,351.98
0,326.6
244,63.03
638,275.97
981,169.25
1120,199
991,358.3
667,265.26
294,115.07
0,244.81
0,567.39
0,562.14
286,332.92
682,242.35
979,99.82
1126,360.62
949,259.04
647,133.56
247,736.25
0,2275.35
0,1881.9
0,203.76
319,265.47
721,291.13
642,277021.67
219,118389.14
0,235.48
0,284.1
5,375.98
342,462.68
720,444.77
1040,214.66
1109,132.29
956,481.48
594,145.79
211,51.97
0,126.31
0,235.77
33,67.42
362,182.41
752,344.65
1005,228.4
1207,230.14
919,229.29
571,54.95
181,123.95
0,175.56
0,433.86
33,158.95
411,154.06
798,411.56
1078,296.81
1093,440.35
877,447.74
528,441.97
137,501.36
0,351.89
0,356.66
78,358.03
437,342.33
829,176.53
1075,349.73
1094,343.2
850,154.83
470,198.1
122,91.33
0,242.63
0,680.36
128,267.46
496,53.01
878,269.27
1092,102.26
1069,222.24
816,268.47
440,137.54
86,230.01
0,329.93
0,220.29
154,259.16
542,318.62
894,165.32
1089,200.83
1056,455.8
794,219.35
403,466.26
55,243.79
0,245.87
0,418.36
206,263.55
597,446.02
934,423.47
1197,100.04
1040,302.6
757,327.18
365,306.25
23,177.3
0,332.3
0,249.44
218,343.52
626,357.53
942,86.21
1107,341.14
1013,180.74
683,560.33
327,23.37
2,206.07
0,719.12
0,53.6
249,480.38
647,280.86
979,396.49
1126,424.36
992,526.28
684,658.62
272,342.85
0,815.29
0,437.2
0,308.14
293,2003.02
681,1096.98
1039,1256.59
1110,1771.69
971,1440.83
651,2073.45
240,1384.05
0,1943.49
0,38218.95
3,152647.17
336,106817.82
730,6335.95
1021,1644.06
1103,2854.83
945,682.26
604,1626.4
226,651.5
0,1409.18
0,840.3
32,462.88
355,489.95
741,855.02
1019,358.03
1130,573.62
943,748.59
585,491.34
257,460.48
0,320.31
0,783.93
0,51.36
368,672.42
774,225.68
1061,385.94
1137,780.45
883,98.24
523,460.6
171,125.5
0,436.96
0,643.65
47,371.12
400,208.66
791,191.63
1055,237.47
1104,335.72
890,480.54
511,171.85
157,401.7
0,222.68
0,269.55
64,192.88
463,200.54
787,256.73
1121,285.62
1085,422.64
868,76.65
486,133.47
128,174.52
0,233.27
0,400.05
112,331.25
467,406.85
850,169.8
1093,30.61
1081,368.66
846,67.68
467,168.64
106,38.22
0,174.06
0,169.78
145,639.4
507,64.95
882,340.89
1093,533.35
1072,38.78
784,198.91
425,311.08
61,325.34
0,144.04
0,259.26
162,65.87
525,296.37
895,200.95
1104,125.22
1049,430.2
784,274.07
423,290.42
55,92.16
0,84.75
0,247.94
178,351.08
565,59.31
913,100.25
1123,111.5
1075,139.05
735,278.4
365,287.92
25,294.97
0,191.31
0,346.28
206,553.95
633,355.66
951,306
1117,254.63
1045,569.94
678,1223.51
342,578.33
0,438.05
0,391.76
0,313.48
277,207.92
656,321.03
988,1405.39
1102,8969.63
1002,9721.15
693,1550.28
299,363.77
0,405.2
0,302.95
0,162.02
291,217.77
679,525.84
987,480.73
1106,564.37
973,256.85
646,212.88
241,295.42
0,346.4
0,424.56
0,442.92
310,360.04
720,295.16
1015,245.87
1112,404.21
957,166.43
621,372.68
234,456.5
0,248.22
0,201.18
19,217.84
365,349.44
752,95.18
1022,70.49
1099,192.74
933,195.67
576,283.39
198,543.9
0,334.34
0,312.2
25,102.32
371,129.08
767,5.86
1062,146
1089,479.14
909,187.04
560,171.07
176,426.88
0,504.59
0,219.48
53,201.62
411,233.85
802,383.24
1057,359.05
1092,93.96
915,442.76
546,399.72
170,282.77
0,98.62
0,381.02
32,220.44
416,189.22
800,181
1069,58.47
1094,21.22
885,60.33
511,197.51
139,234.81
0,224.12
0,238.53
134,353.05
464,407.88
831,441.7
1083,282.42
1073,476.26
862,392.2
486,243.52
109,150.17
0,153.63
0,186.65
106,170.2
474,190.62
835,31.28
1088,288.72
1070,262.24
817,97.69
445,177.67
97,58.34
0,323.73
0,272.81
144,179.34
537,68.67
886,22.46
1109,245.21
1059,242.05
775,99.14
394,204.33
48,147.46
0,239.36
0,682.55
179,541.16
560,74.25
938,154.9
1097,173.14
1049,265.29
769,143.24
372,694.6
30,3983.11
0,6882.41
0,2339.15
210,434.85
611,396.13
948,125.82
1107,224.24
1035,348.13
685,210.04
334,194.85
0,290.78
0,266.16
0,312.69
254,309.9
656,82.03
954,124.46
1120,220.13
1006,272.99
678,305.22
294,465.17
0,475.67
0,234.66
0,290.21
273,257.53
643,378.94
997,214.97
1138,457.92
976,245.39
657,309.18
240,176.45
0,151.47
0,188.28
0,223.75
309,286.17
707,228.92
1008,163.25
1105,261.62
1010,266.03
635,230.34
238,220.39
0,216.8
0,169.12
11,171.91
339,295.11
748,231.18
1040,63.07
1115,156.36
944,295.15
579,108.72
198,286.76
0,285.35
0,634.47
0,618.73
337,292.46
771,116.59
1040,259.52
1133,209.26
930,185.42
573,84.82
175,208.97
0,275.64
0,237.62
49,172.3
413,233.82
787,103.38
1072,136.24
1098,173
886,170.04
539,269.12
148,633.88
0,717.24
0,116.09
49,220.93
430,174.62
836,133.3
1072,265.51
1104,181.65
862,124.37
489,187.58
138,83.67
0,65
0,218.02
107,293.46
476,282.36
845,207.02
1085,537.03
1081,382.05
834,483.78
464,357.16
80,163.12
0,132.86
0,77.33
113,270.61
496,166.5
861,235.04
1097,394.72
1069,233.96
821,189.27
422,189.99
75,72.37
0,252.34
0,316.32
161,381.98
551,1698.45
901,5086.68
1114,2774.85
1055,231.79
798,220.47
395,392.95
40,309.71
0,360.83
39,220.88
263,250.55
615,479.96
935,294.8
1116,153.88
1047,405.84
745,228.32
329,20.43
0,208.34
0,145.71
0,556.9
230,531.75
625,320.02
948,60.8
1137,109.38
1018,569.38
669,404.79
320,364.14
0,146.43
0,226.36
0,428.1
251,541.77
657,301.88
983,253.22
1121,306.15
998,148.49
688,38.44
287,160.81
0,428.16
0,349.32
0,442.71
294,202.18
693,236.64
1044,475.92
1142,538.93
975,190.54
643,65.68
259,129.14
0,256.47
0,287.36
0,176.41
307,84.89
713,88.2
1041,269.57
1111,180.33
951,452.59
622,330.35
232,277.2
0,432.41
0,431.08
0,284.86
338,196.33
720,36.94
1038,184.53
1121,196.43
954,202.67
621,215.16
207,249.61
0,343.67
0,297.73
16,316.06
355,259.81
752,209.49
1090,194.91
1095,102.3
961,251.36
596,155.64
192,101.12
0,177.76
0,77.89
51,290.27
384,167.07
782,52.61
1040,255.23
1125,326.69
897,257.25
550,175.71
162,253.57
0,346.29
0,223.96
21,455.13
414,309.87
797,203.63
1070,108.28
1093,60.44
895,90.06
530,234.98
147,1760.25
0,1953.67
0,426.91
86,257.24
432,431.17
816,276821.27
428,118005.48
85,47.13
0,361.5
0,338.87
142,191.16
487,259.17
864,159.64
1115,191.53
1055,590.19
813,623.48
417,35.26
54,288.86
0,147.75
0,48.64
145,60.75
529,63.29
895,416.1
1086,376.91
1040,398.35
806,241.6
394,297.59
60,156.68
0,86.34
0,165.77
179,91.12
560,238.7
923,353.48
1106,267.18
1053,358.6
762,441.81
391,303.64
23,125.17
0,359.73
0,57.95
206,220.57
587,313.07
945,600.69
1111,230.61
1010,167.88
713,300.74
326,417.53
0,224.1
0,228.24
0,197.56
233,340.63
625,139.22
961,193.7
1128,228.82
1017,165.77
715,566.55
302,288.32
0,294.36
0,375.18
0,263.15
267,168.49
668,170.18
1007,354.86
1114,235.15
981,361.54
641,243.66
266,32.95
0,147.79
0,357.38
0,240.93
313,114.93
731,148.76
1020,438.4
1109,254.86
960,312.79
625,229.49
208,186.78
0,387.25
0,261.38
16,404.26
355,480.59
749,530.95
1047,220.21
1103,599.2
923,416.44
571,66.1
150,498.23
0,312.91
0,135.36
33,370.65
405,685.63
777,635.66
1061,376.63
1091,1012.84
889,207.62
511,191.67
139,926.24
0,363.4
0,1302.67
90,798.14
446,1055.9
838,477.68
1077,2406.12
1088,1220.05
833,1758.5
480,792.11
102,1041.47
0,34225.47
0,150313.68
130,110567.69
494,7367.68
880,388.62
1108,1554.86
1054,726.88
794,2578.37
419,646.7
58,1143.02
0,353.85
0,1195.37
163,172.43
592,812.19
912,602.91
1131,628.05
1083,522.89
777,176.89
405,732.71
30,338.24
0,357.32
0,381.35
184,758.65
561,178.48
929,380.38
1102,282.16
1045,784.88
749,249.69
384,548.15
20,351.88
0,144.67
0,297.41
199,874.84
592,273.28
933,128.53
1109,548.27
1023,103.81
741,408.61
351,69.3
0,340.37
0,291.58
0,479.05
247,335.98
636,653.97
960,403.05
1104,446.99
1010,94.56
698,476.95
317,195.27
0,264.41
0,299.33
0,297.11
268,53.45
659,173.52
982,321.56
1115,133.29
988,138.33
685,321.15
286,218.65
0,142.41
0,185.9
0,495.68
309,175.61
695,441.84
1015,388.32
1104,77.42
946,130.49
646,258.67
238,373.87
0,318.58
0,91.15
16,307.99
364,392.45
733,380.07
1037,195.59
1110,306
944,345.7
611,431.35
210,188.09
0,368.62
0,199.49
23,521.14
368,393.63
768,137.59
1038,116.59
1095,378.8
912,203.12
573,315.95
192,332.37
0,408.54
0,434.12
64,391.31
395,185.96
800,492.11
1059,357.11
1099,789.59
861,958.68
539,483.97
157,72.08
0,220.76
0,455.84
64,188.49
423,146.61
816,796.89
1078,8004.49
1088,9771.06
886,1845.96
501,162.04
126,314.14
0,266.11
0,560.84
100,235.62
487,296.16
891,284.34
1073,283.47
1088,168.07
847,210.1
467,219.22
90,240.84
0,385.74
0,218.14
141,214.29
528,462.75
870,301.91
1093,280.75
1070,106.43
813,176.62
432,116.71
66,130.63
0,421.12
0,451.89
174,232.5
565,260.61
910,188.24
1168,224.43
1081,100.28
812,82.91
377,261.39
131,396.96
0,364.59
0,430.28
195,238.87
582,374.86
919,54.97
1107,46.85
1036,127.38
765,453.55
357,598.09
14,401.75
0,287.21
0,578.97
221,182.34
607,98.45
957,435.56
1103,260.68
1015,283.83
714,111.32
322,300.07
0,346.14
0,51.66
0,111
265,181.86
654,99.83
1002,149.83
1110,437.07
985,212.96
714,147.19
291,166.02
0,386.82
0,224.06
0,218.98
293,599.3
688,389.67
1009,90.87
1084,20.83
966,217.98
633,361.24
231,250.77
0,213.25
0,117.58
6,312.64
348,333.94
769,91.67
1069,245.79
1103,422.68
912,160.06
545,461.73
208,409.07
0,189.31
0,403
19,334.3
383,183.25
742,231.87
1041,74.43
1115,424.1
930,522.84
559,327.67
181,175.85
0,288.09
0,483.87
48,303.12
398,226.78
774,311.76
1098,90.18
1090,97.57
891,448.61
539,210.01
144,3383.44
0,7537.45
0,2787.34
70,234.25
416,290.2
817,190.93
1078,435.11
1089,329.45
848,509.63
463,579.71
112,590.22
0,358.29
0,178.19
121,200.12
511,145.56
873,433.96
1108,522.48
1070,116.16
813,314.45
431,494.76
80,278.01
0,353.56
0,238.06
131,109.59
511,231.28
895,109.02
1111,323.44
1055,552.16
813,373.2
430,231.1
50,525.13
0,372.65
0,147.77
164,434.43
540,340.11
904,212.34
1107,141.55
1075,411.54
859,166.64
400,81.33
33,198.25
0,329.52
0,218.62
181,95.75
587,108.67
925,150.74
1105,170.36
1045,207.82
748,296.79
365,131.25
5,230.7
0,99
0,123.49
227,199.58
603,222.87
944,300.56
1104,156.66
1039,174.5
720,146.81
321,43.84
0,110.5
0,99.55
0,234.91
241,408.89
634,228.19
976,289.99
1120,549.74
995,292.79
700,220.86
300,219.77
0,333.53
0,468.24
0,304.65
265,241.22
662,515.45
992,283.93
1109,211.45
977,55.07
656,36.66
259,247.43
0,430.03
0,617.33
0,382.3
307,225.33
693,343.41
1006,260.17
1095,257.58
958,177.06
604,164.1
234,209.78
0,223.68
0,234.89
19,697.74
358,379.33
736,349.47
1023,522.33
1106,432.84
948,130.21
594,294.55
208,400.25
0,285.95
0,287.4
31,73.58
370,1498.78
777,4921.54
1040,2962.52
1111,296.8
914,154.35
563,315.68
166,411.12
0,626.32
0,401.13
51,174.69
413,97.29
794,131.2
1055,70.63
1104,287.41
898,22.05
511,193.17
155,120.9
0,109.17
0,257.67
82,277.92
429,448.02
803,392.76
1068,219.41
1096,288.14
850,330.34
470,529.63
99,456.63
0,243.28
0,362.9
100,233.03
489,249.97
852,481.86
1095,181.3
1071,359.3
823,332.24
466,108.7
80,287.61
0,343.8
0,367.56
141,291.4
510,101.21
923,324.95
1090,500.97
1059,626.34
740,642.66
403,305.95
83,292.95
0,206.02
0,150.78
183,367.14
573,216.89
936,194.66
1110,291.89
1066,332.49
753,316.11
369,181.85
19,67.58
0,178.35
0,156.86
221,105.18
605,283.87
960,142.15
1125,388.55
1007,388.78
691,511.84
301,572.8
0,249.23
0,533.1
0,311.16
273,90.48
667,464.13
978,425.96
1115,551.36
985,305.28
668,83.11
291,405.83
0,234.21
0,121.03
0,297.5
302,163.99
677,281.6
990,332.21
1119,337.7
975,536.06
656,322.05
247,273.16
0,313.93
0,77.8
0,519.68
304,360.09
725,104.82
1016,228.26
1103,257.52
951,397.68
614,379.51
234,2148.46
0,1602.69
0,245.83
11,179.56
336,336.46
973,276826.02
673,118091.56
281,180.23
0,248.56
0,212.65
0,181.35
317,118.42
695,163.65
1007,283.87
1138,420.26
962,179.13
633,267.07
240,178.19
0,47.75
0,418.72
18,319.24
343,85.6
743,84.59
1032,229.24
1134,180.05
934,78.98
599,275.82
186,532.99
0,444.62
0,263.03
20,50.37
377,71.49
752,226.36
1051,282.19
1102,274.99
899,156.34
542,234.08
165,205.79
0,352.17
0,125.2
55,149.29
407,228.28
805,211.39
1047,466.11
1098,169.77
882,61.6
508,129.82
133,234.96
0,244.21
0,440.6
78,291.29
435,246.4
844,135.67
1072,157.37
1089,343.16
857,176.63
491,182.27
86,377.47
0,278.66
0,219.61
112,331.91
480,104.37
870,239.32
1089,117.14
1075,163.57
834,441.25
413,196.62
65,186.89
0,264.73
0,48.99
206,440.67
496,305.27
883,615.05
1104,190.66
1054,106.08
767,201.53
394,87.09
44,218.17
0,223.42
0,300.74
190,280.94
582,477.59
929,204.06
1129,356.76
1023,248.17
752,674.88
336,325.82
11,276.15
0,157.95
0,386.82
219,389.56
599,532.97
957,337.6
1101,532.34
1021,433.04
726,730.58
315,754.69
0,224.94
0,1219.45
0,591.61
246,985.29
666,743.97
969,1849.43
1120,725.94
999,1547.24
698,1299.67
291,1412.19
0,39448.06
0,153085.5
0,105129.05
292,4985.12
693,490
1019,1056.31
1128,549.05
979,2310.7
656,742.01
258,753
0,220.5
0,901.6
0,554.82
272,588.08
720,587.7
1022,451.27
1118,849.93
924,318.51
593,650.34
219,472.09
0,331.46
0,343.33
17,484.4
351,246.58
749,711.22
1043,240.11
1099,364.13
916,265.26
569,395.09
176,307.09
0,383.37
0,193.3
57,361.9
395,240.64
778,443.17
1046,278.35
1106,314.14
912,685
555,171.1
167,455.25
0,194.71
0,245.34
48,287.41
398,421.88
784,89.76
1072,298.78
1093,196.99
896,281.15
539,562
133,280.01
0,303.26
0,285.23
80,240.78
421,86.8
849,231.98
1095,112.44
1077,245.81
871,297.06
463,131.13
112,43.52
0,651.61
0,387.3
106,565.87
467,210.01
848,187.08
1072,86.33
1072,258.96
821,328.45
467,313.76
82,254.75
0,86.48
0,339.39
126,362.88
507,193.57
887,134.82
1114,255.44
1072,51.66
802,228.5
459,126.44
41,168.75
0,239.44
0,141.21
171,397.15
558,376.91
944,351.15
1105,196.99
1049,169.39
777,269.96
386,225.59
38,62.41
0,195.49
0,211.54
192,215.37
580,555.24
912,312.19
1099,902.16
1018,1268.29
747,571.73
347,204.15
0,88.82
0,183.42
0,267.26
239,160.98
631,1527.8
965,8638.88
1095,9060.73
1019,1074.12
691,218.74
279,204.67
0,183.08
0,385.94
0,312.25
286,175.41
705,99.72
982,175.31
1066,249
966,433.18
647,217.7
232,232.05
0,137.23
0,289.1
0,318.49
325,103.41
718,23.64
1037,154.79
1104,167.95
944,47.38
611,363.25
208,369.5
0,328.06
0,137.76
15,239.02
361,270.67
772,378.31
1069,201.27
1134,283.44
923,138.56
560,301.83
188,224.99
0,151.11
0,317.94
49,152.86
422,207.59
799,429.55
1069,229.71
1102,251.57
878,225.11
490,133.65
119,104.07
0,221.4
0,149.84
81,387.36
448,249.5
838,381.79
1087,312.48
1075,288.01
851,275.75
464,275.79
96,236.94
0,348.83
0,294.03
112,85.77
495,158.81
859,186.57
1100,337.76
1075,306.38
839,240.45
441,224.07
73,322.99
0,451.6
0,249.89
137,313.55
533,260.76
924,165.16
1078,34.55
1047,200.95
784,192.84
400,62.21
77,266.88
0,165.53
0,457.84
176,317.89
558,114.53
923,87.3
1104,89.63
1040,101.53
782,265.61
375,99.71
16,293.99
0,149.17
0,247.41
214,177.12
598,245.9
953,415.45
1103,107.85
1009,278.77
737,400.64
334,174.87
7,176.77
0,597.97
0,371.39
239,174.67
606,294.56
964,276.89
1134,468.46
1015,389.07
684,732.45
313,4331.9
0,7541.83
0,1884.05
0,642.06
263,212.94
688,417.48
971,324.76
1127,228.67
1002,432.74
694,567.88
299,623.96
0,236.94
0,125.39
0,126.96
270,112.44
686,243.55
1008,250.12
1130,128.23
976,35.92
642,163.09
260,230.39
0,20.85
0,136.85
0,187.48
304,444.53
703,495.22
1037,142.77
1117,158.86
960,108.89
603,66.07
235,107.28
0,17.22
0,109.47
0,29.6
347,187.96
752,250.55
1012,450.63
1081,389.9
925,85.15
583,278.81
206,181.74
0,339.46
0,306.12
26,295.49
375,291.79
767,105.2
1057,218.71
1104,283.88
907,671.74
547,533.35
162,19.31
0,107.8
0,195.59
67,298.77
431,423.88
803,161.49
1071,120.66
1090,139.96
884,154.73
528,109.89
143,410.14
0,176.43
0,225.72
83,222.73
458,243.74
844,220.71
1122,196.52
1072,255.69
847,244.79
490,255.26
93,184.26
0,414.89
0,312.15
129,421.39
486,422.94
855,250.79
1092,158.52
1066,128.88
816,317.99
418,192.67
96,227.96
0,149.65
0,382.91
153,239.94
540,49.27
901,21.68
1136,402.25
1054,403.3
782,483.77
395,428.63
34,244.66
0,215.07
0,150.52
183,52.72
563,471.06
903,675.55
1106,599.65
1040,443.2
759,383.25
379,226.88
37,157.11
0,129.33
0,177.81
192,1943.38
602,5081.03
933,2732.65
1137,125.23
1023,239.49
720,344.96
336,333.65
15,142.68
0,499.89
0,74.8
243,105.21
640,150.49
1008,338.85
1105,334.91
1017,177.34
694,200.31
291,35.31
0,324.34
0,418.38
0,344.44
299,484.19
675,115.35
987,139.74
1114,223.4
981,546.21
624,389.93
245,207.31
0,259.72
0,183.72
1,203.46
312,71.23
711,70.51
1008,222.07
1105,76.15
964,115.68
592,82.97
219,185.55
0,32.62
0,322.79
29,180.8
352,147.14
749,118.93
1040,273.93
1108,305.31
931,142.64
608,96.51
240,122.86
0,374.1
0,304.1
48,255.14
411,85.43
793,166.78
1050,275.74
1088,196.11
899,203.22
544,392.65
155,305.86
0,314.4
0,294.94
69,162.25
424,122.8
817,119.68
1063,164.23
1098,129.51
870,184.46
485,341.64
137,232.33
0,234.73
0,204.24
101,200.81
461,65.42
859,266.26
1076,110.92
1078,194
849,169.5
471,143.56
103,106.42
0,96.03
0,151.38
103,80.87
480,48.9
843,257.41
1097,331.77
1086,425.2
823,133.62
436,188.89
93,261.56
0,169.02
0,240.76
141,131.61
527,276.04
880,296.53
1083,76.86
1081,223.8
815,355.88
437,1552
27,1889.65
0,438.52
0,130.27
165,224.18
1073,276787.17
859,117688.49
487,235.71
108,419.33
0,137.81
0,232.46
114,76.56
495,348.36
855,626.28
1089,305.4
1072,467.86
830,413.67
461,424.75
144,371.02
0,195.58
0,293.12
144,450.48
511,444.89
899,180.05
1101,271.03
1072,418.44
802,192.62
429,204.31
64,193.77
0,87.68
0,92.1
157,265.14
535,213.52
909,345.36
1090,377.65
1057,97.85
784,308.76
392,520.69
49,588.82
0,132.66
0,360.85
199,489.8
574,417.98
931,285.75
1106,374.35
1039,509.97
749,283.44
351,219.36
9,264.13
0,569.18
0,359.39
216,161.73
615,42.04
944,463.87
1107,295.37
1023,164.6
739,395.43
323,208
12,18.59
0,197.71
0,383.75
256,214.04
634,379.73
973,174.01
1082,547.28
995,382.94
686,294.42
313,418.68
0,384.92
0,324.03
0,465.97
259,150.35
659,237.48
991,305.96
1103,143.71
1007,482.25
652,91.53
272,281.38
0,312.7
0,485.2
0,394.5
304,514.13
688,340.92
995,527.97
1118,567.23
985,440.61
591,736.5
256,624.73
27,159.33
0,489.67
0,265.77
372,159.2
718,387.49
1040,276.68
1106,382.76
943,654.73
618,22.67
231,708.94
0,1073.15
0,250.52
13,583.19
343,1095.01
759,1231.83
1056,710.79
1118,757.08
940,2114.44
590,2603.44
190,46828.21
0,158136.86
0,94133
41,4377.17
401,2247.84
779,1143.05
1055,798.4
1110,1416.47
902,430.96
549,514.58
166,313.01
0,1046.02
0,515.09
85,495.28
433,671.97
805,127.41
1058,386.2
1089,410.93
880,445.79
496,163.73
126,320.44
0,401.68
0,482.03
106,250.62
462,349.61
823,389.33
1089,112.82
1098,100.49
850,299.25
466,473.3
113,115.99
0,204.73
0,80.34
110,483.51
485,515.37
847,378.99
1091,509.61
1072,208.54
880,127.13
453,245.69
100,112.89
0,231.14
0,73.51
282,308.75
507,215.18
880,80.42
1103,397.82
1055,257.84
792,46.6
423,304.73
61,330.45
0,350.84
0,394.88
161,368.99
570,110.5
903,120.17
1121,83.13
1035,253.64
767,252.52
381,346.52
35,279.2
0,216.42
0,373.45
192,242.02
591,454.94
934,384.2
1112,128.97
1023,10.36
738,455.81
354,125.07
10,129.5
0,162.92
0,151.6
230,238.13
604,265.84
959,140.19
1127,162.61
1014,167.93
700,372.96
323,239.54
0,20.42
0,140.89
0,119.38
247,157.02
644,385.74
955,307.77
1109,191.3
1002,296.51
687,356.15
293,453.99
0,414.52
0,249.19
0,246.22
282,396.21
685,169.46
976,221.11
1113,785.22
975,823.74
659,264.25
256,109.42
0,106.31
0,199.71
0,242.12
327,2104.7
723,9994.52
1072,8482.77
1151,1044.98
967,337.06
625,139.31
231,102.98
0,286.39
0,244.95
14,411.49
336,185.11
718,88.72
1046,120.42
1110,222.73
944,79.16
583,139.88
209,325.18
0,369.24
0,240.88
22,160.81
369,143.49
755,114.57
1040,69.06
1125,324.41
931,140.86
622,72.82
201,187.51
0,237.5
0,281.91
62,59.25
404,230.86
797,324.26
1073,545.59
1104,255.58
878,259.49
549,190.5
139,157.66
0,80.04
0,313.28
79,392.65
458,481.55
822,75.22
1071,169.82
1093,425.62
842,320.79
491,234.18
117,233.98
0,450.46
0,375.86
117,331.1
497,299.3
856,279.25
1082,269.74
1074,306.03
833,222.16
461,253.02
98,410.48
0,181.61
0,213.36
177,185.18
511,365.12
880,409.1
1104,312.86
1066,245.97
800,399.11
416,377.99
70,239.81
0,232.8
0,141.29
150,240.56
555,287.54
912,255.6
1114,33.99
1047,161.4
788,356.86
410,396.29
34,567.6
0,591.27
0,565.28
203,459.66
570,427.19
940,275.49
1104,214.71
1023,292.48
753,535.82
359,507.65
11,301.86
0,301.46
0,239.81
192,83.58
608,257.12
929,389.9
1126,533.07
1071,232.67
752,123.97
343,232.16
5,426.63
0,415.66
0,197.74
220,252.13
614,337.43
948,250.18
1114,479.52
1023,373.76
729,5389.72
317,6022.63
0,1168.77
0,459.06
0,663.66
240,452.94
638,365.44
970,93.68
1120,348.25
1012,323.26
695,153.82
313,168.8
0,157.33
0,182.22
0,298.54
258,440.18
656,448.3
976,357.99
1119,275.94
991,397.68
688,514.28
283,521.98
0,137.6
0,39.72
0,167.89
292,243.01
689,198.15
982,331.97
1113,337.14
987,258.65
656,113.26
240,281.78
0,397.9
0,207.64
0,402.2
311,603.91
720,339.24
1022,328.07
1114,522.65
958,300.52
603,188.84
239,79.85
0,235.52
0,425.02
1,368.51
349,215.85
746,175.03
1051,465.39
1115,611.65
926,451.07
591,414.13
175,405.21
0,99.5
0,121.17
55,225.04
401,55.3
768,127.34
1069,166.88
1102,216.18
906,356.64
511,356.26
144,164
0,418.58
0,611.62
67,603.17
414,389.77
794,592.91
1060,635.79
1091,500.56
886,305.26
506,304.1
134,319.12
0,309.11
0,127.21
75,351.37
457,460.89
832,283.52
1079,234.7
1086,323.1
863,384.69
485,19.57
105,165.86
0,425.63
0,295.48
115,15.75
477,66.41
850,306.81
1118,500.87
1083,169.69
849,323.03
448,200.86
83,547.1
0,440.19
0,342.05
118,322.54
495,168.36
865,265.2
1090,260.65
1075,335.62
725,331.85
459,236.1
93,236.75
0,275.21
0,3478.84
146,4933.81
507,1196.06
885,98.2
1099,189.44
1078,66.71
794,330.61
421,293.9
55,664.36
0,641.41
0,326.65
173,363.15
541,338.34
914,155.68
1106,139.4
1060,256.6
765,248.09
383,98.22
21,246.05
0,241.92
0,248.27
204,190.09
582,348.8
938,365.54
1093,117.01
1051,156.87
750,92.04
366,213.83
25,260.82
0,165.67
0,217.33
227,278.94
609,258.76
950,380.93
1123,327.05
1009,339.03
720,290.46
320,379.73
3,675.42
0,411.01
0,219.87
250,294.57
656,319.47
960,99.96
1118,78.25
993,59.43
688,131.16
284,256.96
0,255.81
0,153.41
0,184.14
272,208.46
689,221.93
1006,414.54
1125,368.82
990,234.69
651,56.38
283,241.89
0,145.68
0,122.86
0,66.32
318,254.07
566,285.42
1008,266.14
1120,467.19
851,96.02
622,326.98
236,425.69
0,431.99
0,298.75
2,249.15
336,206.04
726,175.02
1018,288.06
1107,66.43
959,116.58
595,96.06
201,70.28
0,238.32
0,326.7
28,218.68
363,280.09
751,398.46
1051,349.03
1104,36.84
942,126.48
576,161.87
185,365.83
0,523.34
0,594.48
33,153.51
384,157.43
759,205.23
1058,143.68
1096,296.45
914,1036.4
563,2485.86
164,1262.12
0,393.47
0,302.2
1110,277041.38
1008,118039.92
705,142.81
311,533.93
0,226.83
0,54.32
0,230.39
263,259.22
650,510.5
979,274.81
1104,301.74
990,184.78
683,323.45
231,94.93
0,119.06
0,333.9
0,206.9
295,225.99
684,205.15
1010,290.49
1133,76.96
963,67.16
639,110.31
241,445.05
0,240.09
0,317.93
0,367.16
327,57.21
711,70.57
1019,181.71
1159,481.84
96,
