Frequency(Hz),Magnitude,Phase(rad)
0.00,0.0015,0.0000
0.49,0.0015,0.0049
0.98,0.0015,0.0099
1.46,0.0015,0.0148
1.95,0.0015,0.0199
2.44,0.0015,0.0247
2.93,0.0015,0.0297
3.42,0.0015,0.0347
3.91,0.0015,0.0398
4.39,0.0015,0.0448
4.88,0.0015,0.0497
5.37,0.0015,0.0547
5.86,0.0015,0.0597
6.35,0.0015,0.0644
6.84,0.0015,0.0695
7.32,0.0015,0.0745
7.81,0.0015,0.0794
8.30,0.0015,0.0843
8.79,0.0015,0.0893
9.28,0.0015,0.0941
9.77,0.0015,0.0991
10.25,0.0015,0.1040
10.74,0.0015,0.1092
11.23,0.0015,0.1142
11.72,0.0015,0.1188
12.21,0.0015,0.1236
12.70,0.0015,0.1283
13.18,0.0015,0.1343
13.67,0.0015,0.1381
14.16,0.0015,0.1441
14.65,0.0015,0.1488
15.14,0.0015,0.1537
15.63,0.0015,0.1585
16.11,0.0016,0.1633
16.60,0.0016,0.1685
17.09,0.0016,0.1733
17.58,0.0016,0.1784
18.07,0.0016,0.1830
18.55,0.0016,0.1881
19.04,0.0016,0.1931
19.53,0.0016,0.1980
20.02,0.0016,0.2028
20.51,0.0016,0.2076
21.00,0.0016,0.2126
21.48,0.0016,0.2176
21.97,0.0016,0.2225
22.46,0.0016,0.2274
22.95,0.0016,0.2323
23.44,0.0016,0.2371
23.93,0.0016,0.2419
24.41,0.0016,0.2468
24.90,0.0016,0.2518
25.39,0.0016,0.2566
25.88,0.0016,0.2614
26.37,0.0016,0.2662
26.86,0.0016,0.2710
27.34,0.0017,0.2759
27.83,0.0017,0.2811
28.32,0.0017,0.2861
28.81,0.0017,0.2911
29.30,0.0017,0.2957
29.79,0.0017,0.3005
30.27,0.0017,0.3053
30.76,0.0017,0.3102
31.25,0.0017,0.3151
31.74,0.0017,0.3199
32.23,0.0017,0.3246
32.71,0.0017,0.3294
33.20,0.0017,0.3344
33.69,0.0017,0.3392
34.18,0.0017,0.3440
34.67,0.0018,0.3487
35.16,0.0018,0.3536
35.64,0.0018,0.3584
36.13,0.0018,0.3633
36.62,0.0018,0.3681
37.11,0.0018,0.3728
37.60,0.0018,0.3773
38.09,0.0018,0.3823
38.57,0.0018,0.3872
39.06,0.0018,0.3920
39.55,0.0018,0.3966
40.04,0.0019,0.4013
40.53,0.0019,0.4061
41.02,0.0019,0.4110
41.50,0.0019,0.4157
41.99,0.0019,0.4204
42.48,0.0019,0.4251
42.97,0.0019,0.4299
43.46,0.0019,0.4347
43.95,0.0019,0.4397
44.43,0.0020,0.4438
44.92,0.0020,0.4491
45.41,0.0020,0.4533
45.90,0.0020,0.4580
46.39,0.0020,0.4628
46.88,0.0020,0.4675
47.36,0.0020,0.4723
47.85,0.0021,0.4769
48.34,0.0021,0.4816
48.83,0.0021,0.4863
49.32,0.0021,0.4909
49.80,0.0021,0.4957
50.29,0.0021,0.5003
50.78,0.0021,0.5050
51.27,0.0022,0.5096
51.76,0.0022,0.5142
52.25,0.0022,0.5189
52.73,0.0022,0.5235
53.22,0.0022,0.5282
53.71,0.0022,0.5328
54.20,0.0023,0.5374
54.69,0.0023,0.5420
55.18,0.0023,0.5465
55.66,0.0023,0.5512
56.15,0.0024,0.5559
56.64,0.0024,0.5603
57.13,0.0024,0.5649
57.62,0.0024,0.5696
58.11,0.0024,0.5741
58.59,0.0025,0.5787
59.08,0.0025,0.5832
59.57,0.0025,0.5876
60.06,0.0025,0.5922
60.55,0.0026,0.5967
61.04,0.0026,0.6013
61.52,0.0026,0.6059
62.01,0.0027,0.6104
62.50,0.0027,0.6149
62.99,0.0027,0.6194
63.48,0.0027,0.6239
63.96,0.0028,0.6283
64.45,0.0028,0.6329
64.94,0.0028,0.6373
65.43,0.0029,0.6419
65.92,0.0029,0.6463
66.41,0.0030,0.6508
66.89,0.0030,0.6553
67.38,0.0030,0.6597
67.87,0.0031,0.6642
68.36,0.0031,0.6687
68.85,0.0032,0.6729
69.34,0.0032,0.6774
69.82,0.0033,0.6819
70.31,0.0033,0.6863
70.80,0.0033,0.6907
71.29,0.0034,0.6950
71.78,0.0035,0.6994
72.27,0.0035,0.7038
72.75,0.0036,0.7083
73.24,0.0036,0.7127
73.73,0.0037,0.7170
74.22,0.0038,0.7214
74.71,0.0038,0.7257
75.20,0.0039,0.7302
75.68,0.0040,0.7344
76.17,0.0040,0.7388
76.66,0.0041,0.7430
77.15,0.0042,0.7474
77.64,0.0043,0.7517
78.13,0.0044,0.7560
78.61,0.0045,0.7603
79.10,0.0046,0.7646
79.59,0.0047,0.7690
80.08,0.0048,0.7733
80.57,0.0049,0.7775
81.05,0.0050,0.7817
81.54,0.0051,0.7860
82.03,0.0053,0.7904
82.52,0.0054,0.7947
83.01,0.0056,0.7988
83.50,0.0057,0.8030
83.98,0.0059,0.8072
84.47,0.0061,0.8117
84.96,0.0063,0.8162
85.45,0.0065,0.8205
85.94,0.0067,0.8245
86.43,0.0069,0.8283
86.91,0.0072,0.8323
87.40,0.0074,0.8366
87.89,0.0077,0.8409
88.38,0.0080,0.8451
88.87,0.0084,0.8492
89.36,0.0088,0.8533
89.84,0.0092,0.8575
90.33,0.0096,0.8617
90.82,0.0101,0.8659
91.31,0.0107,0.8700
91.80,0.0113,0.8741
92.29,0.0120,0.8782
92.77,0.0128,0.8824
93.26,0.0137,0.8865
93.75,0.0148,0.8906
94.24,0.0160,0.8946
94.73,0.0175,0.8987
95.21,0.0193,0.9028
95.70,0.0214,0.9069
96.19,0.0241,0.9110
96.68,0.0277,0.9150
97.17,0.0324,0.9191
97.66,0.0391,0.9231
98.14,0.0494,0.9272
98.63,0.0670,0.9312
99.12,0.1041,0.9353
99.61,0.2340,0.9393
100.10,0.9353,-2.1983
100.59,0.1558,-2.1943
101.07,0.0849,-2.1903
101.56,0.0583,-2.1863
102.05,0.0444,-2.1823
102.54,0.0358,-2.1783
103.03,0.0300,-2.1743
103.52,0.0258,-2.1703
104.00,0.0227,-2.1664
104.49,0.0202,-2.1624
104.98,0.0182,-2.1585
105.47,0.0166,-2.1545
105.96,0.0152,-2.1506
106.45,0.0140,-2.1467
106.93,0.0130,-2.1427
107.42,0.0122,-2.1388
107.91,0.0114,-2.1349
108.40,0.0107,-2.1309
108.89,0.0101,-2.1271
109.38,0.0096,-2.1232
109.86,0.0091,-2.1193
110.35,0.0087,-2.1154
110.84,0.0083,-2.1115
111.33,0.0079,-2.1076
111.82,0.0076,-2.1038
112.30,0.0073,-2.0999
112.79,0.0070,-2.0961
113.28,0.0068,-2.0922
113.77,0.0065,-2.0884
114.26,0.0063,-2.0845
114.75,0.0061,-2.0807
115.23,0.0059,-2.0769
115.72,0.0057,-2.0731
116.21,0.0055,-2.0693
116.70,0.0053,-2.0654
117.19,0.0052,-2.0617
117.68,0.0050,-2.0579
118.16,0.0049,-2.0541
118.65,0.0048,-2.0504
119.14,0.0047,-2.0466
119.63,0.0045,-2.0428
120.12,0.0044,-2.0391
120.61,0.0043,-2.0352
121.09,0.0042,-2.0316
121.58,0.0041,-2.0278
122.07,0.0040,-2.0241
122.56,0.0039,-2.0203
123.05,0.0039,-2.0165
123.54,0.0038,-2.0129
124.02,0.0037,-2.0092
124.51,0.0036,-2.0055
125.00,0.0035,-2.0018
125.49,0.0035,-1.9980
125.98,0.0034,-1.9945
126.46,0.0033,-1.9905
126.95,0.0033,-1.9870
127.44,0.0032,-1.9833
127.93,0.0032,-1.9798
128.42,0.0031,-1.9760
128.91,0.0031,-1.9723
129.39,0.0030,-1.9687
129.88,0.0030,-1.9650
130.37,0.0029,-1.9614
130.86,0.0029,-1.9578
131.35,0.0028,-1.9541
131.84,0.0028,-1.9506
132.32,0.0027,-1.9470
132.81,0.0027,-1.9434
133.30,0.0026,-1.9398
133.79,0.0026,-1.9362
134.28,0.0026,-1.9326
134.77,0.0025,-1.9290
135.25,0.0025,-1.9254
135.74,0.0025,-1.9219
136.23,0.0024,-1.9183
136.72,0.0024,-1.9147
137.21,0.0024,-1.9111
137.70,0.0023,-1.9076
138.18,0.0023,-1.9040
138.67,0.0023,-1.9006
139.16,0.0022,-1.8971
139.65,0.0022,-1.8934
140.14,0.0022,-1.8898
140.63,0.0022,-1.8863
141.11,0.0021,-1.8828
141.60,0.0021,-1.8793
142.09,0.0021,-1.8759
142.58,0.0021,-1.8724
143.07,0.0020,-1.8689
143.55,0.0020,-1.8654
144.04,0.0020,-1.8620
144.53,0.0020,-1.8586
145.02,0.0019,-1.8550
145.51,0.0019,-1.8515
146.00,0.0019,-1.8480
146.48,0.0019,-1.8445
146.97,0.0019,-1.8412
147.46,0.0018,-1.8377
147.95,0.0018,-1.8343
148.44,0.0018,-1.8307
148.93,0.0018,-1.8274
149.41,0.0018,-1.8241
149.90,0.0018,-1.8208
150.39,0.0017,-1.8172
150.88,0.0017,-1.8137
151.37,0.0017,-1.8105
151.86,0.0017,-1.8070
152.34,0.0017,-1.8035
152.83,0.0017,-1.8003
153.32,0.0016,-1.7967
153.81,0.0016,-1.7934
154.30,0.0016,-1.7902
154.79,0.0016,-1.7865
155.27,0.0016,-1.7834
155.76,0.0016,-1.7798
156.25,0.0016,-1.7766
156.74,0.0015,-1.7738
157.23,0.0015,-1.7691
157.71,0.0015,-1.7679
158.20,0.0015,-1.7641
158.69,0.0015,-1.7600
159.18,0.0015,-1.7561
159.67,0.0015,-1.7535
160.16,0.0015,-1.7499
160.64,0.0014,-1.7467
161.13,0.0014,-1.7434
161.62,0.0014,-1.7399
162.11,0.0014,-1.7370
162.60,0.0014,-1.7334
163.09,0.0014,-1.7302
163.57,0.0014,-1.7269
164.06,0.0014,-1.7236
164.55,0.0014,-1.7206
165.04,0.0013,-1.7171
165.53,0.0013,-1.7138
166.02,0.0013,-1.7105
166.50,0.0013,-1.7073
166.99,0.0013,-1.7043
167.48,0.0013,-1.7010
167.97,0.0013,-1.6977
168.46,0.0013,-1.6945
168.95,0.0013,-1.6912
169.43,0.0013,-1.6880
169.92,0.0013,-1.6848
170.41,0.0012,-1.6815
170.90,0.0012,-1.6782
171.39,0.0012,-1.6754
171.88,0.0012,-1.6725
172.36,0.0012,-1.6693
172.85,0.0012,-1.6657
173.34,0.0012,-1.6621
173.83,0.0012,-1.6588
174.32,0.0012,-1.6558
174.80,0.0012,-1.6527
175.29,0.0012,-1.6496
175.78,0.0012,-1.6464
176.27,0.0012,-1.6431
176.76,0.0011,-1.6400
177.25,0.0011,-1.6369
177.73,0.0011,-1.6336
178.22,0.0011,-1.6306
178.71,0.0011,-1.6273
179.20,0.0011,-1.6243
179.69,0.0011,-1.6211
180.18,0.0011,-1.6179
180.66,0.0011,-1.6149
181.15,0.0011,-1.6119
181.64,0.0011,-1.6089
182.13,0.0011,-1.6054
182.62,0.0011,-1.6028
183.11,0.0011,-1.5993
183.59,0.0011,-1.5962
184.08,0.0010,-1.5932
184.57,0.0010,-1.5900
185.06,0.0010,-1.5869
185.55,0.0010,-1.5838
186.04,0.0010,-1.5806
186.52,0.0010,-1.5777
187.01,0.0010,-1.5747
187.50,0.0010,-1.5716
187.99,0.0010,-1.5687
188.48,0.0010,-1.5651
188.96,0.0010,-1.5628
189.45,0.0010,-1.5597
189.94,0.0010,-1.5562
190.43,0.0010,-1.5531
190.92,0.0010,-1.5502
191.41,0.0010,-1.5470
191.89,0.0010,-1.5439
192.38,0.0010,-1.5410
192.87,0.0010,-1.5379
193.36,0.0009,-1.5351
193.85,0.0009,-1.5318
194.34,0.0009,-1.5289
194.82,0.0009,-1.5260
195.31,0.0009,-1.5230
195.80,0.0009,-1.5201
196.29,0.0009,-1.5170
196.78,0.0009,-1.5138
197.27,0.0009,-1.5107
197.75,0.0009,-1.5078
198.24,0.0009,-1.5052
198.73,0.0009,-1.5025
199.22,0.0009,-1.4996
199.71,0.0009,-1.4964
200.20,0.0009,-1.4932
200.68,0.0009,-1.4900
201.17,0.0009,-1.4873
201.66,0.0009,-1.4844
202.15,0.0009,-1.4812
202.64,0.0009,-1.4784
203.13,0.0009,-1.4754
203.61,0.0009,-1.4726
204.10,0.0009,-1.4695
204.59,0.0008,-1.4665
205.08,0.0008,-1.4634
205.57,0.0008,-1.4605
206.05,0.0008,-1.4576
206.54,0.0008,-1.4548
207.03,0.0008,-1.4520
207.52,0.0008,-1.4489
208.01,0.0008,-1.4458
208.50,0.0008,-1.4430
208.98,0.0008,-1.4398
209.47,0.0008,-1.4372
209.96,0.0008,-1.4343
210.45,0.0008,-1.4315
210.94,0.0008,-1.4284
211.43,0.0008,-1.4251
211.91,0.0008,-1.4228
212.40,0.0008,-1.4204
212.89,0.0008,-1.4180
213.38,0.0008,-1.4135
213.87,0.0008,-1.4128
214.36,0.0008,-1.4081
214.84,0.0008,-1.4051
215.33,0.0008,-1.4024
215.82,0.0008,-1.3997
216.31,0.0008,-1.3971
216.80,0.0008,-1.3939
217.29,0.0008,-1.3908
217.77,0.0008,-1.3881
218.26,0.0008,-1.3854
218.75,0.0008,-1.3829
219.24,0.0008,-1.3799
219.73,0.0007,-1.3764
220.21,0.0007,-1.3742
220.70,0.0007,-1.3715
221.19,0.0007,-1.3685
221.68,0.0007,-1.3656
222.17,0.0007,-1.3626
222.66,0.0007,-1.3597
223.14,0.0007,-1.3569
223.63,0.0007,-1.3545
224.12,0.0007,-1.3516
224.61,0.0007,-1.3489
225.10,0.0007,-1.3440
225.59,0.0007,-1.3427
226.07,0.0007,-1.3402
226.56,0.0007,-1.3374
227.05,0.0007,-1.3345
227.54,0.0007,-1.3316
228.03,0.0007,-1.3289
228.52,0.0007,-1.3264
229.00,0.0007,-1.3234
229.49,0.0007,-1.3204
229.98,0.0007,-1.3172
230.47,0.0007,-1.3145
230.96,0.0007,-1.3119
231.45,0.0007,-1.3094
231.93,0.0007,-1.3066
232.42,0.0007,-1.3040
232.91,0.0007,-1.3013
233.40,0.0007,-1.2982
233.89,0.0007,-1.2958
234.38,0.0007,-1.2929
234.86,0.0007,-1.2902
235.35,0.0007,-1.2875
235.84,0.0007,-1.2847
236.33,0.0007,-1.2818
236.82,0.0007,-1.2789
237.30,0.0007,-1.2762
237.79,0.0007,-1.2738
238.28,0.0007,-1.2713
238.77,0.0007,-1.2683
239.26,0.0007,-1.2650
239.75,0.0007,-1.2626
240.23,0.0007,-1.2599
240.72,0.0006,-1.2570
241.21,0.0006,-1.2543
241.70,0.0006,-1.2517
242.19,0.0006,-1.2488
242.68,0.0006,-1.2467
243.16,0.0006,-1.2436
243.65,0.0006,-1.2407
244.14,0.0006,-1.2372
244.63,0.0006,-1.2358
245.12,0.0006,-1.2317
245.61,0.0006,-1.2302
246.09,0.0006,-1.2277
246.58,0.0006,-1.2250
247.07,0.0006,-1.2220
247.56,0.0006,-1.2191
248.05,0.0006,-1.2167
248.54,0.0006,-1.2139
249.02,0.0006,-1.2113
249.51,0.0006,-1.2086
250.00,0.0006,-1.2061
250.49,0.0006,-1.2036
250.98,0.0006,-1.2004
251.46,0.0006,-1.1981
251.95,0.0006,-1.1955
252.44,0.0006,-1.1926
252.93,0.0006,-1.1902
253.42,0.0006,-1.1872
253.91,0.0006,-1.1842
254.39,0.0006,-1.1814
254.88,0.0006,-1.1792
255.37,0.0006,-1.1768
255.86,0.0006,-1.1742
256.35,0.0006,-1.1711
256.84,0.0006,-1.1685
257.32,0.0006,-1.1663
257.81,0.0006,-1.1638
258.30,0.0006,-1.1610
258.79,0.0006,-1.1581
259.28,0.0006,-1.1553
259.77,0.0006,-1.1530
260.25,0.0006,-1.1505
260.74,0.0006,-1.1476
261.23,0.0006,-1.1447
261.72,0.0006,-1.1420
262.21,0.0006,-1.1399
262.70,0.0006,-1.1373
263.18,0.0006,-1.1343
263.67,0.0006,-1.1319
264.16,0.0006,-1.1295
264.65,0.0006,-1.1270
265.14,0.0006,-1.1247
265.63,0.0006,-1.1212
266.11,0.0006,-1.1189
266.60,0.0006,-1.1163
267.09,0.0006,-1.1146
267.58,0.0006,-1.1117
268.07,0.0006,-1.1077
268.55,0.0006,-1.1056
269.04,0.0006,-1.1034
269.53,0.0006,-1.1034
270.02,0.0006,-1.1005
270.51,0.0006,-1.0919
271.00,0.0005,-1.0924
271.48,0.0006,-1.0890
271.97,0.0005,-1.0833
272.46,0.0005,-1.0833
272.95,0.0005,-1.0837
273.44,0.0005,-1.0796
273.93,0.0005,-1.0773
274.41,0.0005,-1.0736
274.90,0.0005,-1.0718
275.39,0.0005,-1.0697
275.88,0.0005,-1.0671
276.37,0.0005,-1.0639
276.86,0.0005,-1.0614
277.34,0.0005,-1.0592
277.83,0.0005,-1.0573
278.32,0.0005,-1.0542
278.81,0.0005,-1.0517
279.30,0.0005,-1.0489
279.79,0.0005,-1.0462
280.27,0.0005,-1.0441
280.76,0.0005,-1.0416
281.25,0.0005,-1.0396
281.74,0.0005,-1.0369
282.23,0.0005,-1.0334
282.71,0.0005,-1.0311
283.20,0.0005,-1.0292
283.69,0.0005,-1.0276
284.18,0.0005,-1.0254
284.67,0.0005,-1.0202
285.16,0.0005,-1.0137
285.64,0.0005,-1.0083
286.13,0.0005,-1.0074
286.62,0.0005,-1.0087
287.11,0.0005,-1.0094
287.60,0.0005,-1.0070
288.09,0.0005,-1.0028
288.57,0.0005,-0.9995
289.06,0.0005,-0.9978
289.55,0.0005,-0.9966
290.04,0.0005,-0.9942
290.53,0.0005,-0.9904
291.02,0.0005,-0.9873
291.50,0.0005,-0.9853
291.99,0.0005,-0.9838
292.48,0.0005,-0.9813
292.97,0.0005,-0.9778
293.46,0.0005,-0.9748
293.95,0.0005,-0.9727
294.43,0.0005,-0.9712
294.92,0.0005,-0.9688
295.41,0.0005,-0.9660
295.90,0.0005,-0.9623
296.39,0.0005,-0.9610
296.88,0.0005,-0.9586
297.36,0.0005,-0.9564
297.85,0.0005,-0.9531
298.34,0.0005,-0.9502
298.83,0.0005,-0.9481
299.32,0.0005,-0.9461
299.80,0.0005,-0.9436
300.29,0.0005,-0.9407
300.78,0.0005,-0.9377
301.27,0.0005,-0.9357
301.76,0.0005,-0.9343
302.25,0.0005,-0.9313
302.73,0.0005,-0.9282
303.22,0.0005,-0.9267
303.71,0.0005,-0.9241
304.20,0.0005,-0.9211
304.69,0.0005,-0.9187
305.18,0.0005,-0.9159
305.66,0.0005,-0.9134
306.15,0.0005,-0.9115
306.64,0.0005,-0.9085
307.13,0.0005,-0.9066
307.62,0.0005,-0.9031
308.11,0.0005,-0.9010
308.59,0.0005,-0.8993
309.08,0.0005,-0.8968
309.57,0.0005,-0.8943
310.06,0.0005,-0.8911
310.55,0.0005,-0.8887
311.04,0.0005,-0.8865
311.52,0.0005,-0.8842
312.01,0.0005,-0.8822
312.50,0.0005,-0.8796
312.99,0.0005,-0.8772
313.48,0.0005,-0.8748
313.96,0.0005,-0.8724
314.45,0.0005,-0.8701
314.94,0.0005,-0.8667
315.43,0.0005,-0.8647
315.92,0.0005,-0.8628
316.41,0.0005,-0.8602
316.89,0.0005,-0.8579
317.38,0.0005,-0.8554
317.87,0.0005,-0.8527
318.36,0.0005,-0.8506
318.85,0.0005,-0.8474
319.34,0.0005,-0.8452
319.82,0.0005,-0.8429
320.31,0.0005,-0.8406
320.80,0.0005,-0.8388
321.29,0.0005,-0.8356
321.78,0.0005,-0.8331
322.27,0.0005,-0.8303
322.75,0.0005,-0.8280
323.24,0.0005,-0.8264
323.73,0.0005,-0.8234
324.22,0.0005,-0.8210
324.71,0.0004,-0.8184
325.20,0.0004,-0.8156
325.68,0.0004,-0.8145
326.17,0.0004,-0.8113
326.66,0.0004,-0.8105
327.15,0.0004,-0.8062
327.64,0.0004,-0.8052
328.13,0.0004,-0.8020
328.61,0.0004,-0.7996
329.10,0.0004,-0.7971
329.59,0.0004,-0.7946
330.08,0.0004,-0.7923
330.57,0.0004,-0.7899
331.05,0.0004,-0.7872
331.54,0.0004,-0.7851
332.03,0.0004,-0.7826
332.52,0.0004,-0.7804
333.01,0.0004,-0.7785
333.50,0.0004,-0.7754
333.98,0.0004,-0.7729
334.47,0.0004,-0.7716
334.96,0.0004,-0.7688
335.45,0.0004,-0.7661
335.94,0.0004,-0.7632
336.43,0.0004,-0.7611
336.91,0.0004,-0.7590
337.40,0.0004,-0.7568
337.89,0.0004,-0.7539
338.38,0.0004,-0.7516
338.87,0.0004,-0.7490
339.36,0.0004,-0.7473
339.84,0.0004,-0.7453
340.33,0.0004,-0.7426
340.82,0.0004,-0.7396
341.31,0.0004,-0.7375
341.80,0.0004,-0.7364
342.29,0.0004,-0.7342
342.77,0.0004,-0.7312
343.26,0.0004,-0.7269
343.75,0.0004,-0.7230
344.24,0.0004,-0.7208
344.73,0.0004,-0.7191
345.21,0.0004,-0.7183
345.70,0.0004,-0.7163
346.19,0.0004,-0.7128
346.68,0.0004,-0.7111
347.17,0.0004,-0.7085
347.66,0.0004,-0.7067
348.14,0.0004,-0.7042
348.63,0.0004,-0.7019
349.12,0.0004,-0.6996
349.61,0.0004,-0.6965
350.10,0.0004,-0.6959
350.59,0.0004,-0.6923
351.07,0.0004,-0.6901
351.56,0.0004,-0.6885
352.05,0.0004,-0.6856
352.54,0.0004,-0.6833
353.03,0.0004,-0.6807
353.52,0.0004,-0.6775
354.00,0.0004,-0.6764
354.49,0.0004,-0.6733
354.98,0.0004,-0.6716
355.47,0.0004,-0.6690
355.96,0.0004,-0.6661
356.45,0.0004,-0.6662
356.93,0.0004,-0.6602
357.42,0.0004,-0.6606
357.91,0.0004,-0.6525
358.40,0.0004,-0.6548
358.89,0.0004,-0.6496
359.38,0.0004,-0.6511
359.86,0.0004,-0.6479
360.35,0.0004,-0.6453
360.84,0.0004,-0.6432
361.33,0.0004,-0.6397
361.82,0.0004,-0.6386
362.30,0.0004,-0.6359
362.79,0.0004,-0.6336
363.28,0.0004,-0.6316
363.77,0.0004,-0.6288
364.26,0.0004,-0.6274
364.75,0.0004,-0.6245
365.23,0.0004,-0.6218
365.72,0.0004,-0.6206
366.21,0.0004,-0.6175
366.70,0.0004,-0.6154
367.19,0.0004,-0.6126
367.68,0.0004,-0.6102
368.16,0.0004,-0.6081
368.65,0.0004,-0.6057
369.14,0.0004,-0.6034
369.63,0.0004,-0.6013
370.12,0.0004,-0.5985
370.61,0.0004,-0.5966
371.09,0.0004,-0.5944
371.58,0.0004,-0.5922
372.07,0.0004,-0.5897
372.56,0.0004,-0.5872
373.05,0.0004,-0.5855
373.54,0.0004,-0.5827
374.02,0.0004,-0.5806
374.51,0.0004,-0.5780
375.00,0.0004,-0.5753
375.49,0.0004,-0.5732
375.98,0.0004,-0.5705
376.46,0.0004,-0.5687
376.95,0.0004,-0.5670
377.44,0.0004,-0.5637
377.93,0.0004,-0.5624
378.42,0.0004,-0.5597
378.91,0.0004,-0.5574
379.39,0.0004,-0.5550
379.88,0.0004,-0.5531
380.37,0.0004,-0.5509
380.86,0.0004,-0.5481
381.35,0.0004,-0.5452
381.84,0.0004,-0.5431
382.32,0.0004,-0.5415
382.81,0.0004,-0.5403
383.30,0.0004,-0.5377
383.79,0.0004,-0.5344
384.28,0.0004,-0.5328
384.77,0.0004,-0.5272
385.25,0.0004,-0.5264
385.74,0.0004,-0.5250
386.23,0.0004,-0.5232
386.72,0.0004,-0.5206
387.21,0.0004,-0.5176
387.70,0.0004,-0.5159
388.18,0.0004,-0.5130
388.67,0.0004,-0.5116
389.16,0.0004,-0.5080
389.65,0.0004,-0.5063
390.14,0.0004,-0.5037
390.63,0.0004,-0.5023
391.11,0.0004,-0.5000
391.60,0.0004,-0.4976
392.09,0.0004,-0.4952
392.58,0.0004,-0.4925
393.07,0.0004,-0.4905
393.55,0.0004,-0.4881
394.04,0.0004,-0.4861
394.53,0.0004,-0.4839
395.02,0.0004,-0.4817
395.51,0.0004,-0.4797
396.00,0.0004,-0.4769
396.48,0.0004,-0.4744
396.97,0.0004,-0.4733
397.46,0.0004,-0.4708
397.95,0.0004,-0.4683
398.44,0.0004,-0.4651
398.93,0.0004,-0.4621
399.41,0.0004,-0.4595
399.90,0.0004,-0.4567
400.39,0.0004,-0.4564
400.88,0.0004,-0.4545
401.37,0.0004,-0.4517
401.86,0.0004,-0.4493
402.34,0.0004,-0.4474
402.83,0.0004,-0.4454
403.32,0.0004,-0.4430
403.81,0.0004,-0.4404
404.30,0.0004,-0.4383
404.79,0.0004,-0.4356
405.27,0.0004,-0.4337
405.76,0.0004,-0.4315
406.25,0.0004,-0.4290
406.74,0.0004,-0.4265
407.23,0.0004,-0.4240
407.71,0.0004,-0.4222
408.20,0.0004,-0.4208
408.69,0.0004,-0.4172
409.18,0.0004,-0.4157
409.67,0.0004,-0.4131
410.16,0.0004,-0.4111
410.64,0.0004,-0.4088
411.13,0.0004,-0.4067
411.62,0.0004,-0.4042
412.11,0.0004,-0.4020
412.60,0.0004,-0.3997
413.09,0.0004,-0.3973
413.57,0.0004,-0.3946
414.06,0.0004,-0.3920
414.55,0.0004,-0.3899
415.04,0.0004,-0.3884
415.53,0.0004,-0.3846
416.02,0.0004,-0.3867
416.50,0.0004,-0.3832
416.99,0.0004,-0.3794
417.48,0.0004,-0.3766
417.97,0.0004,-0.3747
418.46,0.0004,-0.3728
418.95,0.0004,-0.3711
419.43,0.0004,-0.3679
419.92,0.0004,-0.3660
420.41,0.0004,-0.3631
420.90,0.0004,-0.3613
421.39,0.0004,-0.3589
421.88,0.0004,-0.3567
422.36,0.0004,-0.3544
422.85,0.0004,-0.3523
423.34,0.0004,-0.3503
423.83,0.0004,-0.3475
424.32,0.0004,-0.3451
424.80,0.0004,-0.3427
425.29,0.0004,-0.3410
425.78,0.0004,-0.3390
426.27,0.0004,-0.3368
426.76,0.0004,-0.3345
427.25,0.0004,-0.3319
427.73,0.0004,-0.3294
428.22,0.0004,-0.3280
428.71,0.0004,-0.3251
429.20,0.0004,-0.3227
429.69,0.0004,-0.3209
430.18,0.0004,-0.3196
430.66,0.0004,-0.3177
431.15,0.0004,-0.3151
431.64,0.0004,-0.3118
432.13,0.0004,-0.3095
432.62,0.0004,-0.3071
433.11,0.0004,-0.3053
433.59,0.0004,-0.3035
434.08,0.0004,-0.3009
434.57,0.0004,-0.2986
435.06,0.0004,-0.2961
435.55,0.0004,-0.2944
436.04,0.0004,-0.2914
436.52,0.0004,-0.2892
437.01,0.0004,-0.2871
437.50,0.0004,-0.2849
437.99,0.0004,-0.2826
438.48,0.0004,-0.2798
438.96,0.0004,-0.2776
439.45,0.0004,-0.2769
439.94,0.0004,-0.2730
440.43,0.0004,-0.2724
440.92,0.0004,-0.2695
441.41,0.0004,-0.2670
441.89,0.0004,-0.2645
442.38,0.0004,-0.2628
442.87,0.0004,-0.2606
443.36,0.0004,-0.2582
443.85,0.0004,-0.2556
444.34,0.0004,-0.2532
444.82,0.0004,-0.2512
445.31,0.0004,-0.2491
445.80,0.0004,-0.2467
446.29,0.0004,-0.2445
446.78,0.0004,-0.2414
447.27,0.0004,-0.2413
447.75,0.0004,-0.2386
448.24,0.0004,-0.2355
448.73,0.0004,-0.2332
449.22,0.0004,-0.2311
449.71,0.0004,-0.2291
450.20,0.0004,-0.2269
450.68,0.0004,-0.2239
451.17,0.0004,-0.2222
451.66,0.0004,-0.2196
452.15,0.0004,-0.2178
452.64,0.0004,-0.2151
453.13,0.0004,-0.2125
453.61,0.0004,-0.2106
454.10,0.0004,-0.2089
454.59,0.0004,-0.2068
455.08,0.0004,-0.2030
455.57,0.0004,-0.1995
456.05,0.0004,-0.1972
456.54,0.0004,-0.1968
457.03,0.0004,-0.1969
457.52,0.0004,-0.1957
458.01,0.0004,-0.1928
458.50,0.0004,-0.1894
458.98,0.0004,-0.1862
459.47,0.0004,-0.1852
459.96,0.0004,-0.1827
460.45,0.0004,-0.1801
460.94,0.0004,-0.1781
461.43,0.0004,-0.1759
461.91,0.0004,-0.1739
462.40,0.0004,-0.1718
462.89,0.0004,-0.1686
463.38,0.0004,-0.1670
463.87,0.0004,-0.1642
464.36,0.0004,-0.1621
464.84,0.0004,-0.1602
465.33,0.0004,-0.1576
465.82,0.0004,-0.1563
466.31,0.0004,-0.1531
466.80,0.0004,-0.1512
467.29,0.0004,-0.1476
467.77,0.0004,-0.1452
468.26,0.0004,-0.1453
468.75,0.0004,-0.1424
469.24,0.0004,-0.1384
469.73,0.0004,-0.1344
470.21,0.0004,-0.1297
470.70,0.0004,-0.1420
471.19,0.0004,-0.1251
471.68,0.0004,-0.1363
472.17,0.0004,-0.1309
472.66,0.0004,-0.1275
473.14,0.0004,-0.1203
473.63,0.0004,-0.1201
474.12,0.0004,-0.1198
474.61,0.0004,-0.1173
475.10,0.0004,-0.1133
475.59,0.0004,-0.1096
476.07,0.0004,-0.1084
476.56,0.0004,-0.1078
477.05,0.0004,-0.1053
477.54,0.0004,-0.1029
478.03,0.0004,-0.0986
478.52,0.0004,-0.0984
479.00,0.0004,-0.0970
479.49,0.0004,-0.0941
479.98,0.0004,-0.0916
480.47,0.0004,-0.0883
480.96,0.0004,-0.0864
481.45,0.0004,-0.0853
481.93,0.0004,-0.0823
482.42,0.0004,-0.0803
482.91,0.0004,-0.0770
483.40,0.0004,-0.0754
483.89,0.0004,-0.0740
484.38,0.0004,-0.0715
484.86,0.0004,-0.0691
485.35,0.0004,-0.0664
485.84,0.0004,-0.0647
486.33,0.0004,-0.0629
486.82,0.0004,-0.0607
487.30,0.0004,-0.0581
487.79,0.0004,-0.0555
488.28,0.0004,-0.0531
488.77,0.0004,-0.0512
489.26,0.0004,-0.0486
489.75,0.0004,-0.0462
490.23,0.0004,-0.0436
490.72,0.0004,-0.0428
491.21,0.0004,-0.0405
491.70,0.0004,-0.0376
492.19,0.0004,-0.0354
492.68,0.0004,-0.0334
493.16,0.0004,-0.0315
493.65,0.0004,-0.0298
494.14,0.0004,-0.0266
494.63,0.0004,-0.0243
495.12,0.0004,-0.0217
495.61,0.0004,-0.0199
496.09,0.0004,-0.0189
496.58,0.0004,-0.0162
497.07,0.0004,-0.0140
497.56,0.0004,-0.0104
498.05,0.0004,-0.0103
498.54,0.0004,-0.0063
499.02,0.0004,-0.0041
499.51,0.0004,-0.0017
