0,0.0000
1,0.5878
2,0.9511
3,0.9511
4,0.5878
5,-0.0000
6,-0.5878
7,-0.9511
8,-0.9511
9,-0.5878
10,0.0000
11,0.5878
12,0.9511
13,0.9511
14,0.5878
15,-0.0000
16,-0.5878
17,-0.9511
18,-0.9511
19,-0.5878
20,0.0000
21,0.5878
22,0.9511
23,0.9511
24,0.5878
25,-0.0000
26,-0.5878
27,-0.9511
28,-0.9511
29,-0.5878
30,0.0000
31,0.5878
32,0.9511
33,0.9511
34,0.5878
35,-0.0000
36,-0.5878
37,-0.9511
38,-0.9511
39,-0.5878
40,0.0000
41,0.5878
42,0.9511
43,0.9511
44,0.5878
45,-0.0000
46,-0.5878
47,-0.9511
48,-0.9511
49,-0.5878
50,0.0000
51,0.5878
52,0.9511
53,0.9511
54,0.5878
55,-0.0000
56,-0.5878
57,-0.9511
58,-0.9511
59,-0.5878
60,0.0000
61,0.5878
62,0.9511
63,0.9511
64,0.5878
65,-0.0000
66,-0.5878
67,-0.9511
68,-0.9511
69,-0.5878
70,0.0000
71,0.5878
72,0.9511
73,0.9511
74,0.5878
75,-0.0000
76,-0.5878
77,-0.9511
78,-0.9511
79,-0.5878
80,0.0000
81,0.5878
82,0.9511
83,0.9511
84,0.5878
85,-0.0000
86,-0.5878
87,-0.9511
88,-0.9511
89,-0.5878
90,0.0000
91,0.5878
92,0.9511
93,0.9511
94,0.5878
95,-0.0000
96,-0.5878
97,-0.9511
98,-0.9511
99,-0.5878
100,0.0000
101,0.5878
102,0.9511
103,0.9511
104,0.5878
105,-0.0000
106,-0.5878
107,-0.9511
108,-0.9511
109,-0.5878
110,0.0000
111,0.5878
112,0.9511
113,0.9511
114,0.5878
115,0.0000
116,-0.5878
117,-0.9511
118,-0.9511
119,-0.5878
120,0.0000
121,0.5878
122,0.9511
123,0.9511
124,0.5878
125,-0.0000
126,-0.5878
127,-0.9511
128,-0.9511
129,-0.5878
130,0.0000
131,0.5878
132,0.9511
133,0.9511
134,0.5878
135,-0.0000
136,-0.5878
137,-0.9511
138,-0.9511
139,-0.5878
140,0.0000
141,0.5878
142,0.9511
143,0.9511
144,0.5878
145,0.0000
146,-0.5878
147,-0.9511
148,-0.9511
149,-0.5878
150,0.0000
151,0.5878
152,0.9511
153,0.9511
154,0.5878
155,-0.0000
156,-0.5878
157,-0.9511
158,-0.9511
159,-0.5878
160,0.0000
161,0.5878
162,0.9511
163,0.9511
164,0.5878
165,-0.0000
166,-0.5878
167,-0.9511
168,-0.9511
169,-0.5878
170,0.0000
171,0.5878
172,0.9511
173,0.9511
174,0.5878
175,-0.0000
176,-0.5878
177,-0.9511
178,-0.9511
179,-0.5878
180,0.0000
181,0.5878
182,0.9511
183,0.9511
184,0.5878
185,-0.0000
186,-0.5878
187,-0.9511
188,-0.9511
189,-0.5878
190,0.0000
191,0.5878
192,0.9511
193,0.9511
194,0.5878
195,-0.0000
196,-0.5878
197,-0.9511
198,-0.9511
199,-0.5878
200,0.0000
201,0.5878
202,0.9511
203,0.9511
204,0.5878
205,0.0000
206,-0.5878
207,-0.9511
208,-0.9511
209,-0.5878
210,0.0000
211,0.5878
212,0.9511
213,0.9511
214,0.5878
215,-0.0000
216,-0.5878
217,-0.9511
218,-0.9511
219,-0.5878
220,0.0000
221,0.5878
222,0.9511
223,0.9511
224,0.5878
225,-0.0000
226,-0.5878
227,-0.9511
228,-0.9511
229,-0.5878
230,-0.0000
231,0.5878
232,0.9511
233,0.9511
234,0.5878
235,-0.0000
236,-0.5878
237,-0.9511
238,-0.9511
239,-0.5878
240,0.0000
241,0.5878
242,0.9511
243,0.9511
244,0.5878
245,-0.0000
246,-0.5878
247,-0.9511
248,-0.9511
249,-0.5878
250,0.0000
251,0.5878
252,0.9511
253,0.9511
254,0.5878
255,-0.0000
256,-0.5878
257,-0.9511
258,-0.9511
259,-0.5878
260,0.0000
261,0.5878
262,0.9511
263,0.9511
264,0.5878
265,0.0000
266,-0.5878
267,-0.9511
268,-0.9511
269,-0.5878
270,0.0000
271,0.5878
272,0.9511
273,0.9511
274,0.5878
275,-0.0000
276,-0.5878
277,-0.9511
278,-0.9511
279,-0.5878
280,0.0000
281,0.5878
282,0.9511
283,0.9511
284,0.5878
285,-0.0000
286,-0.5878
287,-0.9511
288,-0.9511
289,-0.5878
290,-0.0000
291,0.5878
292,0.9511
293,0.9511
294,0.5878
295,-0.0000
296,-0.5878
297,-0.9511
298,-0.9511
299,-0.5878
300,0.0000
301,0.5878
302,0.9511
303,0.9511
304,0.5878
305,-0.0000
306,-0.5878
307,-0.9511
308,-0.9511
309,-0.5878
310,0.0000
311,0.5878
312,0.9511
313,0.9511
314,0.5878
315,-0.0000
316,-0.5878
317,-0.9511
318,-0.9511
319,-0.5878
320,0.0000
321,0.5878
322,0.9511
323,0.9511
324,0.5878
325,0.0000
326,-0.5878
327,-0.9511
328,-0.9511
329,-0.5878
330,0.0000
331,0.5878
332,0.9511
333,0.9511
334,0.5878
335,-0.0000
336,-0.5878
337,-0.9511
338,-0.9511
339,-0.5878
340,0.0000
341,0.5878
342,0.9511
343,0.9511
344,0.5878
345,-0.0000
346,-0.5878
347,-0.9511
348,-0.9511
349,-0.5878
350,0.0000
351,0.5878
352,0.9511
353,0.9511
354,0.5878
355,-0.0000
356,-0.5878
357,-0.9511
358,-0.9511
359,-0.5878
360,0.0000
361,0.5878
362,0.9511
363,0.9511
364,0.5878
365,-0.0000
366,-0.5878
367,-0.9511
368,-0.9511
369,-0.5878
370,0.0000
371,0.5878
372,0.9511
373,0.9511
374,0.5878
375,-0.0000
376,-0.5878
377,-0.9511
378,-0.9511
379,-0.5878
380,0.0000
381,0.5878
382,0.9511
383,0.9511
384,0.5878
385,0.0000
386,-0.5878
387,-0.9511
388,-0.9511
389,-0.5878
390,0.0000
391,0.5878
392,0.9511
393,0.9511
394,0.5878
395,-0.0000
396,-0.5878
397,-0.9511
398,-0.9511
399,-0.5878
400,0.0000
401,0.5878
402,0.9511
403,0.9511
404,0.5878
405,-0.0000
406,-0.5878
407,-0.9511
408,-0.9511
409,-0.5878
410,-0.0000
411,0.5878
412,0.9511
413,0.9510
414,0.5878
415,-0.0000
416,-0.5878
417,-0.9511
418,-0.9511
419,-0.5878
420,0.0000
421,0.5878
422,0.9511
423,0.9511
424,0.5878
425,0.0000
426,-0.5878
427,-0.9511
428,-0.9511
429,-0.5878
430,0.0000
431,0.5878
432,0.9511
433,0.9511
434,0.5878
435,-0.0000
436,-0.5878
437,-0.9511
438,-0.9511
439,-0.5878
440,0.0000
441,0.5878
442,0.9511
443,0.9511
444,0.5878
445,0.0000
446,-0.5878
447,-0.9511
448,-0.9511
449,-0.5878
450,0.0000
451,0.5878
452,0.9511
453,0.9511
454,0.5878
455,-0.0000
456,-0.5878
457,-0.9511
458,-0.9511
459,-0.5878
460,-0.0000
461,0.5878
462,0.9511
463,0.9511
464,0.5878
465,-0.0000
466,-0.5878
467,-0.9511
468,-0.9511
469,-0.5878
470,0.0000
471,0.5878
472,0.9511
473,0.9511
474,0.5878
475,-0.0000
476,-0.5878
477,-0.9511
478,-0.9511
479,-0.5878
480,0.0000
481,0.5878
482,0.9511
483,0.9511
484,0.5878
485,-0.0000
486,-0.5878
487,-0.9511
488,-0.9511
489,-0.5878
490,0.0000
491,0.5878
492,0.9511
493,0.9511
494,0.5878
495,0.0000
496,-0.5878
497,-0.9511
498,-0.9511
499,-0.5878
500,0.0000
501,0.5878
502,0.9511
503,0.9511
504,0.5878
505,-0.0000
506,-0.5878
507,-0.9511
508,-0.9511
509,-0.5878
510,0.0000
511,0.5878
512,0.9511
513,0.9511
514,0.5878
515,-0.0000
516,-0.5878
517,-0.9511
518,-0.9511
519,-0.5878
520,0.0000
521,0.5878
522,0.9511
523,0.9511
524,0.5878
525,-0.0000
526,-0.5878
527,-0.9511
528,-0.9511
529,-0.5878
530,-0.0000
531,0.5878
532,0.9511
533,0.9510
534,0.5878
535,-0.0000
536,-0.5878
537,-0.9511
538,-0.9511
539,-0.5878
540,0.0000
541,0.5878
542,0.9511
543,0.9511
544,0.5878
545,0.0000
546,-0.5878
547,-0.9511
548,-0.9511
549,-0.5878
550,0.0000
551,0.5878
552,0.9511
553,0.9511
554,0.5878
555,-0.0000
556,-0.5878
557,-0.9511
558,-0.9511
559,-0.5878
560,0.0000
561,0.5878
562,0.9511
563,0.9511
564,0.5878
565,0.0000
566,-0.5878
567,-0.9511
568,-0.9510
569,-0.5878
570,0.0000
571,0.5878
572,0.9511
573,0.9511
574,0.5878
575,-0.0000
576,-0.5878
577,-0.9511
578,-0.9511
579,-0.5878
580,-0.0000
581,0.5878
582,0.9511
583,0.9511
584,0.5878
585,-0.0000
586,-0.5878
587,-0.9511
588,-0.9511
589,-0.5878
590,0.0000
591,0.5878
592,0.9511
593,0.9511
594,0.5878
595,-0.0000
596,-0.5878
597,-0.9511
598,-0.9511
599,-0.5878
600,0.0000
601,0.5878
602,0.9511
603,0.9510
604,0.5878
605,-0.0000
606,-0.5878
607,-0.9511
608,-0.9511
609,-0.5878
610,0.0000
611,0.5878
612,0.9511
613,0.9511
614,0.5878
615,0.0000
616,-0.5878
617,-0.9511
618,-0.9511
619,-0.5878
620,0.0000
621,0.5878
622,0.9511
623,0.9511
624,0.5878
625,-0.0000
626,-0.5878
627,-0.9511
628,-0.9511
629,-0.5878
630,0.0000
631,0.5878
632,0.9511
633,0.9511
634,0.5878
635,-0.0000
636,-0.5878
637,-0.9511
638,-0.9510
639,-0.5878
640,0.0000
641,0.5878
642,0.9511
643,0.9511
644,0.5878
645,-0.0000
646,-0.5878
647,-0.9511
648,-0.9511
649,-0.5878
650,-0.0000
651,0.5878
652,0.9511
653,0.9510
654,0.5878
655,-0.0000
656,-0.5878
657,-0.9511
658,-0.9511
659,-0.5878
660,0.0000
661,0.5878
662,0.9511
663,0.9511
664,0.5878
665,-0.0000
666,-0.5878
667,-0.9511
668,-0.9511
669,-0.5878
670,0.0000
671,0.5878
672,0.9511
673,0.9511
674,0.5878
675,-0.0000
676,-0.5878
677,-0.9511
678,-0.9511
679,-0.5878
680,0.0000
681,0.5878
682,0.9511
683,0.9511
684,0.5878
685,0.0000
686,-0.5878
687,-0.9511
688,-0.9510
689,-0.5878
690,0.0000
691,0.5878
692,0.9511
693,0.9511
694,0.5878
695,-0.0000
696,-0.5878
697,-0.9511
698,-0.9511
699,-0.5878
700,0.0000
701,0.5878
702,0.9511
703,0.9511
704,0.5878
705,-0.0000
706,-0.5878
707,-0.9511
708,-0.9511
709,-0.5878
710,0.0000
711,0.5878
712,0.9511
713,0.9511
714,0.5878
715,-0.0000
716,-0.5878
717,-0.9511
718,-0.9511
719,-0.5878
720,0.0000
721,0.5878
722,0.9511
723,0.9510
724,0.5878
725,-0.0000
726,-0.5878
727,-0.9511
728,-0.9511
729,-0.5878
730,0.0000
731,0.5878
732,0.9511
733,0.9511
734,0.5878
735,-0.0000
736,-0.5878
737,-0.9511
738,-0.9511
739,-0.5878
740,0.0000
741,0.5878
742,0.9511
743,0.9511
744,0.5878
745,-0.0000
746,-0.5878
747,-0.9511
748,-0.9511
749,-0.5878
750,0.0000
751,0.5878
752,0.9511
753,0.9511
754,0.5878
755,-0.0000
756,-0.5878
757,-0.9511
758,-0.9510
759,-0.5878
760,0.0000
761,0.5878
762,0.9511
763,0.9511
764,0.5878
765,-0.0000
766,-0.5878
767,-0.9511
768,-0.9511
769,-0.5878
770,-0.0000
771,0.5878
772,0.9511
773,0.9510
774,0.5878
775,-0.0000
776,-0.5878
777,-0.9511
778,-0.9511
779,-0.5878
780,0.0000
781,0.5878
782,0.9511
783,0.9511
784,0.5878
785,-0.0000
786,-0.5878
787,-0.9511
788,-0.9511
789,-0.5878
790,0.0000
791,0.5878
792,0.9511
793,0.9510
794,0.5878
795,-0.0000
796,-0.5878
797,-0.9511
798,-0.9511
799,-0.5878
800,0.0000
801,0.5878
802,0.9511
803,0.9511
804,0.5878
805,-0.0000
806,-0.5878
807,-0.9511
808,-0.9510
809,-0.5878
810,0.0000
811,0.5878
812,0.9511
813,0.9511
814,0.5878
815,0.0000
816,-0.5878
817,-0.9511
818,-0.9510
819,-0.5878
820,-0.0000
821,0.5878
822,0.9511
823,0.9511
824,0.5878
825,-0.0000
826,-0.5878
827,-0.9511
828,-0.9511
829,-0.5878
830,0.0000
831,0.5878
832,0.9511
833,0.9511
834,0.5878
835,-0.0000
836,-0.5878
837,-0.9511
838,-0.9511
839,-0.5878
840,0.0000
841,0.5878
842,0.9511
843,0.9510
844,0.5878
845,-0.0000
846,-0.5878
847,-0.9511
848,-0.9510
849,-0.5878
850,-0.0000
851,0.5878
852,0.9511
853,0.9510
854,0.5878
855,0.0000
856,-0.5878
857,-0.9511
858,-0.9511
859,-0.5878
860,0.0000
861,0.5878
862,0.9511
863,0.9511
864,0.5878
865,-0.0000
866,-0.5878
867,-0.9511
868,-0.9511
869,-0.5878
870,0.0000
871,0.5878
872,0.9511
873,0.9511
874,0.5878
875,-0.0000
876,-0.5878
877,-0.9511
878,-0.9510
879,-0.5878
880,0.0000
881,0.5878
882,0.9511
883,0.9510
884,0.5878
885,0.0000
886,-0.5878
887,-0.9511
888,-0.9510
889,-0.5878
890,-0.0000
891,0.5878
892,0.9511
893,0.9511
894,0.5878
895,-0.0000
896,-0.5878
897,-0.9511
898,-0.9511
899,-0.5878
900,0.0000
901,0.5878
902,0.9511
903,0.9511
904,0.5878
905,-0.0000
906,-0.5878
907,-0.9511
908,-0.9511
909,-0.5878
910,0.0000
911,0.5878
912,0.9511
913,0.9510
914,0.5878
915,-0.0000
916,-0.5878
917,-0.9511
918,-0.9510
919,-0.5878
920,-0.0000
921,0.5878
922,0.9511
923,0.9510
924,0.5878
925,-0.0000
926,-0.5878
927,-0.9511
928,-0.9511
929,-0.5878
930,0.0000
931,0.5878
932,0.9511
933,0.9511
934,0.5878
935,-0.0000
936,-0.5878
937,-0.9511
938,-0.9511
939,-0.5878
940,0.0000
941,0.5878
942,0.9511
943,0.9511
944,0.5878
945,-0.0000
946,-0.5878
947,-0.9511
948,-0.9510
949,-0.5878
950,0.0000
951,0.5878
952,0.9511
953,0.9510
954,0.5878
955,0.0000
956,-0.5878
957,-0.9511
958,-0.9510
959,-0.5878
960,0.0000
961,0.5878
962,0.9511
963,0.9511
964,0.5878
965,-0.0000
966,-0.5878
967,-0.9511
968,-0.9511
969,-0.5878
970,0.0000
971,0.5878
972,0.9511
973,0.9511
974,0.5878
975,-0.0000
976,-0.5878
977,-0.9511
978,-0.9510
979,-0.5878
980,0.0000
981,0.5878
982,0.9511
983,0.9510
984,0.5878
985,-0.0000
986,-0.5878
987,-0.9511
988,-0.9510
989,-0.5878
990,-0.0000
991,0.5878
992,0.9511
993,0.9511
994,0.5878
995,-0.0000
996,-0.5878
997,-0.9511
998,-0.9511
999,-0.5878
